drop database if exists snet1509;

create database snet1509;

use snet1509;

create table users(
	id serial primary key, -- SERIAL = BIGINT UNSIGNED NOT NULL AUTO_INCREMENT UNIQUE
	name varchar(50), -- 50 = размерность этих данных
	surname varchar(50),
	email varchar(120) unique,
	phone bigint,
	gender char(1),
	birthday date,
	hometown varchar(50),
	photo_id bigint unsigned,
	pass char(70),
	created_at datetime default current_timestamp,
	-- soft delete ('мягкое' удаление)
	-- is_deleted bool
	-- deleted_at datetime
	index(phone),
	index(email),
	index(name, surname)
);

drop table if exists messages;

create table messages(
	id serial primary key,
	from_user_id bigint unsigned not null,
	to_user_id bigint unsigned not null,
	body text,
	is_read bool default 0,
	created_at datetime default current_timestamp,
	foreign key (from_user_id) references users (id),
	foreign key (to_user_id) references users (id)
);

drop table if exists friend_requests;
create table friend_requests (
	-- id serial primary key,
	initiator_user_id bigint unsigned not null,
	target_user_id bigint unsigned not null,
	status enum('requested', 'approved', 'unfriended', 'declined') default 'requested',
	requested_at datetime default now(),
	confirmed_at datetime default current_timestamp on update current_timestamp,
	primary key(initiator_user_id, target_user_id),
	foreign key (initiator_user_id) references users (id),
	foreign key (target_user_id) references users (id)
);

alter table friend_requests add index(initiator_user_id);

drop table if exists communities;
create table communities(
	id serial primary key,
	name varchar(150),
	index communities_name_idx (name)
);

drop table if exists users_communities;
create table users_communities(
	user_id bigint unsigned not null,
	community_id bigint unsigned not null,
	is_admin bool default 0,
	primary key(user_id, community_id),
	foreign key (user_id) references users (id),
	foreign key (community_id) references communities (id)
);

drop table if exists posts;
create table posts(
	id serial primary key,
	user_id bigint unsigned not null,
	body text,
	metadata json,
	created_at datetime default current_timestamp,
	updated_at datetime default current_timestamp on update current_timestamp,
	foreign key (user_id) references users (id)
);


drop table if exists comments;
create table comments(
	id serial primary key,
	user_id bigint unsigned not null,
	post_id bigint unsigned not null,
	body text,
	created_at datetime default current_timestamp,
	updated_at datetime default current_timestamp on update current_timestamp,
	foreign key (user_id) references users (id),
	foreign key (post_id) references posts (id)
);


drop table if exists photos;
create table photos(
	id serial primary key,
	user_id bigint unsigned not null,
	description text,
	filename varchar(250),
	foreign key (user_id) references users (id)
);

drop table if exists likes_to_photo;
create table likes_to_photo(
	id serial primary key,
	user_id bigint unsigned not null,
	photo_id bigint unsigned not null,
	is_like bool default 0,
	created_at datetime default current_timestamp,
	foreign key (user_id) references users (id),
	foreign key (photo_id) references photos (id)
);

drop table if exists likes_to_post;
create table likes_to_post(
	id serial primary key,
	user_id bigint unsigned not null,
	post_id bigint unsigned not null,
	is_like bool default 0,
	created_at datetime default current_timestamp,
	foreign key (user_id) references users (id),
	foreign key (post_id) references posts (id)
);

drop table if exists likes_to_comment;
create table likes_to_comment(
	id serial primary key,
	user_id bigint unsigned not null,
	comment_id bigint unsigned not null,
	is_like bool default 0,
	created_at datetime default current_timestamp,
	foreign key (user_id) references users (id),
	foreign key (comment_id) references comments (id)
);

insert into users (id, name, surname, email, phone, gender, birthday, hometown, photo_id, pass, created_at) values (1, 'Maje', 'Blader', 'mblader0@ibm.com', '8266583904', 'M', '1961-01-13', 'Zarasai', '0256', '129e078dc03722bb394d7f4465e4617275d1639b75dc88e3926a542c3ea83972', '2020-09-21 19:40:45');
insert into users (id, name, surname, email, phone, gender, birthday, hometown, photo_id, pass, created_at) values (2, 'Gustavus', 'Haggerstone', 'ghaggerstone1@qq.com', '1638370925', 'M', '1979-11-18', 'Katrineholm', '5757', '9177fbbf8e921797670dec5e5467aad872d5277ef4533588d41f9278877cdf55', '2020-07-03 19:34:17');
insert into users (id, name, surname, email, phone, gender, birthday, hometown, photo_id, pass, created_at) values (3, 'Michaelina', 'Gorelli', 'mgorelli2@vk.com', '9229598180', 'F', '2018-05-08', 'Uttaradit', '8355', 'c18944a196a6c4492186892bb1a922213bbe2ff8fa9eb98f88f6d0fa24af351d', '2020-02-23 16:15:47');
insert into users (id, name, surname, email, phone, gender, birthday, hometown, photo_id, pass, created_at) values (4, 'Clywd', 'Jayne', 'cjayne3@nasa.gov', '4245688177', 'M', '1994-01-07', 'Jaú', '5955', '41ccc3e51a1a54a0ab4294a5e49bbdb736c44a4e9cada21423c949c9c121dcd2', '2020-05-20 11:51:52');
insert into users (id, name, surname, email, phone, gender, birthday, hometown, photo_id, pass, created_at) values (5, 'Susy', 'Hammerberger', 'shammerberger4@state.tx.us', '5191948593', 'F', '2017-12-15', 'Mohelno', '6441', '471c4600e7ff8e108f12799dc74b3c0c96f6bc9b12d1358086429a0cb1d58452', '2020-07-14 00:11:38');
insert into users (id, name, surname, email, phone, gender, birthday, hometown, photo_id, pass, created_at) values (6, 'Federica', 'Rivalant', 'frivalant5@google.co.uk', '5379285887', 'F', '2013-05-30', 'High River', '3662', 'd9c8115e0fda783e52c14c3c2cbafb4fd4bb4ca2c4c68c0cb60f0886e154fb50', '2020-07-06 12:40:28');
insert into users (id, name, surname, email, phone, gender, birthday, hometown, photo_id, pass, created_at) values (7, 'Judi', 'Marrow', 'jmarrow6@addthis.com', '8205455833', 'F', '1966-01-01', 'Starigrad', '2348', 'dd64954e098079e205cbc3be7a9be50b0019b8ee953f1ad09beef97c1f19ea7a', '2020-01-11 22:40:22');
insert into users (id, name, surname, email, phone, gender, birthday, hometown, photo_id, pass, created_at) values (8, 'Ana', 'Berr', 'aberr7@infoseek.co.jp', '2381069934', 'F', '2006-05-23', 'Makoba', '7157', 'ab61e97604602f7a07f67fe7f57eba8562ba0437f8fb2babd014c26a0387f47f', '2020-08-31 19:45:30');
insert into users (id, name, surname, email, phone, gender, birthday, hometown, photo_id, pass, created_at) values (9, 'Cristina', 'Osgorby', 'cosgorby8@cornell.edu', '4719479475', 'F', '1975-03-16', 'Janeng', '7973', '12fb81524a5e0beeaccc431fcd89c0122797813b11d5e6c024633b34053b678e', '2020-04-11 08:54:55');
insert into users (id, name, surname, email, phone, gender, birthday, hometown, photo_id, pass, created_at) values (10, 'Joana', 'Hamm', 'jhamm9@odnoklassniki.ru', '7669469988', 'F', '2020-06-06', 'Minjian', '8730', '7e3c2d33cec49220ccd5191918bf6dfde83b7ae1806d49088b0edd5c3891a383', '2020-05-17 08:19:55');
insert into users (id, name, surname, email, phone, gender, birthday, hometown, photo_id, pass, created_at) values (11, 'Irina', 'Castiblanco', 'icastiblancoa@mozilla.com', '8384687212', 'F', '1959-09-01', 'Xinmin', '8074', '75a01ed358128718c28894c2e5ee48da0ac6c3d18697a920546cbaaf31d0311b', '2020-07-15 08:26:53');
insert into users (id, name, surname, email, phone, gender, birthday, hometown, photo_id, pass, created_at) values (12, 'Brocky', 'Mergue', 'bmergueb@timesonline.co.uk', '1052239112', 'M', '1978-12-28', 'Tây Ninh', '9530', 'fb15a0c127d91a2736256c62d1719bf68b77b6cb714fa19408685de4ae9cb65f', '2020-05-12 21:19:59');
insert into users (id, name, surname, email, phone, gender, birthday, hometown, photo_id, pass, created_at) values (13, 'Gunner', 'Hirtz', 'ghirtzc@dot.gov', '5487882371', 'M', '1953-11-04', 'Ciudad Guayana', '6026', '81ecf78da9808083a397e1b59d2d06697787452ae5fd17209d1331c77799cfff', '2020-06-03 11:51:43');
insert into users (id, name, surname, email, phone, gender, birthday, hometown, photo_id, pass, created_at) values (14, 'Elfie', 'Terbeck', 'eterbeckd@cnn.com', '9065104241', 'F', '1972-04-03', 'Štoky', '2824', '33cca6218945e78467e5158197abd4513523a13412b341972996a88a21a1f100', '2020-04-08 16:33:18');
insert into users (id, name, surname, email, phone, gender, birthday, hometown, photo_id, pass, created_at) values (15, 'Allie', 'Losel', 'alosele@smh.com.au', '6761041084', 'M', '1973-11-05', 'São Sepé', '0155', '210ba4c2024b5d95860a7345e8607654fc1f49e99393323a9c170e7bab7f7dc4', '2020-04-23 17:26:01');
insert into users (id, name, surname, email, phone, gender, birthday, hometown, photo_id, pass, created_at) values (16, 'Shela', 'Pantone', 'spantonef@fda.gov', '9388402079', 'F', '2004-09-19', 'Gustavsberg', '4311', 'eafb67c9f60036e88dba7a9c6e919fd10f0d635e38582541f4e667d3016d2783', '2020-08-29 05:02:44');
insert into users (id, name, surname, email, phone, gender, birthday, hometown, photo_id, pass, created_at) values (17, 'Willie', 'Ivanyutin', 'wivanyuting@multiply.com', '2201780682', 'M', '1984-07-19', 'Bobon', '5835', '4a77c7b19cb9f1e244b10d7a561ee28614a8842721c93a8728303e08de7308df', '2020-08-07 04:07:59');
insert into users (id, name, surname, email, phone, gender, birthday, hometown, photo_id, pass, created_at) values (18, 'Betsey', 'Duplock', 'bduplockh@chron.com', '5936189354', 'F', '2008-11-08', 'Simpanganduwet', '5394', '543f1e63a123f6011e77bf76fdd71cd700a651e712a7d6430289f7937e2d359e', '2020-09-03 09:24:33');
insert into users (id, name, surname, email, phone, gender, birthday, hometown, photo_id, pass, created_at) values (19, 'Pen', 'Freed', 'pfreedi@github.io', '5435339510', 'M', '1986-03-14', 'Kaduengang', '6261', 'e7b8e92194e03adf895bdd60cafc0e777ca1df39c131e3d5181a32dd7de28bb8', '2020-04-09 20:02:09');
insert into users (id, name, surname, email, phone, gender, birthday, hometown, photo_id, pass, created_at) values (20, 'Denyse', 'Jarrold', 'djarroldj@ihg.com', '2887771450', 'F', '1966-04-16', 'Ribeirão da Ilha', '8605', 'fd70a66c9a6fb7885e9550484a424afbf2ef7f611861d65933fe611a00e0b569', '2020-03-31 12:29:43');
insert into users (id, name, surname, email, phone, gender, birthday, hometown, photo_id, pass, created_at) values (21, 'Gunar', 'Treadwell', 'gtreadwellk@berkeley.edu', '5941036567', 'M', '1998-08-09', 'Aioi', '6260', '1ad6bc6ecd43b677d88d18b09a26f0b592c272f509d953b41b5657fb9a525434', '2020-01-21 22:30:05');
insert into users (id, name, surname, email, phone, gender, birthday, hometown, photo_id, pass, created_at) values (22, 'Cacilia', 'Cortez', 'ccortezl@europa.eu', '6425626895', 'F', '2001-06-27', 'Rivera', '9016', '4af84622ed434a097156756244b5ac12631bffe133c679260719eaec682e15ed', '2020-03-09 04:13:20');
insert into users (id, name, surname, email, phone, gender, birthday, hometown, photo_id, pass, created_at) values (23, 'Sherri', 'Corse', 'scorsem@nbcnews.com', '3839347830', 'F', '2000-03-07', 'Ketawang', '6006', '2bd6de3865d12027ca2e438bc1bd8064282dadbf0e2bd91e8f81f653a2d7ad36', '2020-09-14 05:30:35');
insert into users (id, name, surname, email, phone, gender, birthday, hometown, photo_id, pass, created_at) values (24, 'Carny', 'Desforges', 'cdesforgesn@acquirethisname.com', '5874451619', 'M', '1980-07-25', 'Shaoyang', '7574', 'ac0a04e9509c36e4a7c83760e6c6b960003fb383606c5c6345c18913a5f31047', '2020-02-22 23:19:25');
insert into users (id, name, surname, email, phone, gender, birthday, hometown, photo_id, pass, created_at) values (25, 'Seamus', 'Spikeings', 'sspikeingso@yellowbook.com', '2271536448', 'M', '1979-04-05', 'Puor', '0016', '03f9ebdefdab3a96904bbfcf62dabc8f447656fd309f98ee16cc718f6fd61dfc', '2020-02-01 20:11:22');
insert into users (id, name, surname, email, phone, gender, birthday, hometown, photo_id, pass, created_at) values (26, 'Tony', 'Kilford', 'tkilfordp@soundcloud.com', '9021627201', 'M', '1984-10-10', 'Baisha', '4943', '440ff058c931cdf0e8c72724256d1e7ad0596a0efcb52c770716b0c9ca4c4531', '2020-06-07 13:37:54');
insert into users (id, name, surname, email, phone, gender, birthday, hometown, photo_id, pass, created_at) values (27, 'Padraic', 'Sushams', 'psushamsq@yolasite.com', '6154867284', 'M', '2011-07-18', 'Gœsdorf', '7561', '9d4b4d33f4d4f280fbc0059532a6a88520fc1971b3fae8a3ae80958ccf8b7bbb', '2020-04-06 19:08:03');
insert into users (id, name, surname, email, phone, gender, birthday, hometown, photo_id, pass, created_at) values (28, 'Biron', 'MacCarter', 'bmaccarterr@google.com.au', '1489614932', 'M', '1985-01-04', 'Smidary', '0403', '535b6c44983532d83212eab5cbf79c9ec0a7aa630698c3759eea29b5bb1e86c0', '2020-02-13 11:58:22');
insert into users (id, name, surname, email, phone, gender, birthday, hometown, photo_id, pass, created_at) values (29, 'Chaddy', 'Drewitt', 'cdrewitts@sogou.com', '5197296543', 'M', '1977-08-03', 'Áno Kastrítsion', '5068', '8b976ad9d8c04a582a2ae8d9f2002295f155884bd111fd0425d0d4fa7ecc8a37', '2020-02-01 18:05:25');
insert into users (id, name, surname, email, phone, gender, birthday, hometown, photo_id, pass, created_at) values (30, 'Kirsten', 'Regelous', 'kregeloust@elpais.com', '3813742149', 'F', '1959-09-29', 'Lat Lum Kaeo', '3192', '3c8cba5ff76775fa3e048dddf7fe9f4f9c3f249b1beace56b8647d4031c476ae', '2020-06-29 16:53:08');
insert into users (id, name, surname, email, phone, gender, birthday, hometown, photo_id, pass, created_at) values (31, 'Patrice', 'McCrea', 'pmccreau@hexun.com', '4069559239', 'M', '2009-12-26', 'Billings', '1397', 'a6ff202c98146bc6f585563c3f20d7faa5a2c34536ba3939b7b1b556d0744fe1', '2020-03-21 10:34:56');
insert into users (id, name, surname, email, phone, gender, birthday, hometown, photo_id, pass, created_at) values (32, 'Mathian', 'Volant', 'mvolantv@alibaba.com', '1575987343', 'M', '1980-07-19', 'Manzini', '3349', '0eba5d731188a8ec196c60b303c027b216a13e54b242a29534d9bf09aa792804', '2020-01-22 14:45:02');
insert into users (id, name, surname, email, phone, gender, birthday, hometown, photo_id, pass, created_at) values (33, 'Milly', 'Priddy', 'mpriddyw@taobao.com', '5329541935', 'F', '1991-09-09', 'Belica', '3476', '1f1fbde20bcb6c7e01784a7d0c0c5cb58b344099d6ffc4c11b03081f0d7b5ced', '2020-09-02 18:13:17');
insert into users (id, name, surname, email, phone, gender, birthday, hometown, photo_id, pass, created_at) values (34, 'Marni', 'Blowfield', 'mblowfieldx@weebly.com', '9943720426', 'F', '1970-02-15', 'Lebedyan’', '6417', '7d1ccbd97a7a4d465a3283033e3d49dffb27f0e0ec51a8e150cff712ae9b8efb', '2020-06-07 22:22:48');
insert into users (id, name, surname, email, phone, gender, birthday, hometown, photo_id, pass, created_at) values (35, 'Mick', 'Deaton', 'mdeatony@google.ru', '3635686996', 'M', '1958-06-22', 'Suponevo', '9068', '09752d5cdfed1977211d71002a87f8d0212407a439ba1fe530d45b9c04116244', '2020-08-08 11:44:06');
insert into users (id, name, surname, email, phone, gender, birthday, hometown, photo_id, pass, created_at) values (36, 'Chane', 'Fibbitts', 'cfibbittsz@gizmodo.com', '5151327855', 'M', '1963-10-19', 'Ursynów', '4828', 'd856ea420d5d57dc8cbc22d87471e5b2ddeb59cc154448d61f48b8568f953cef', '2020-02-03 13:50:47');
insert into users (id, name, surname, email, phone, gender, birthday, hometown, photo_id, pass, created_at) values (37, 'Artemis', 'Whissell', 'awhissell10@java.com', '3692732182', 'M', '1974-08-05', 'San José de las Lajas', '6558', '80bb77e55f1dd0bd584d1675cc83f0c51edb85dc0cc6990d9f190eed627b8e43', '2020-05-14 17:37:23');
insert into users (id, name, surname, email, phone, gender, birthday, hometown, photo_id, pass, created_at) values (38, 'Blake', 'Tapping', 'btapping11@bloomberg.com', '1795503636', 'M', '1984-09-30', 'Bejuco', '9083', '6d9244682c26a9d18f79be7546ae6a387bcc7980d5821898c1e3e0f08dee24d7', '2020-04-03 01:12:55');
insert into users (id, name, surname, email, phone, gender, birthday, hometown, photo_id, pass, created_at) values (39, 'Marlene', 'Blucher', 'mblucher12@salon.com', '5705293711', 'F', '1953-05-09', 'Örebro', '4956', '8e8b96d45777bedf9290b13f437daaf6a01dbd586e23a4554aac03fbb78bbd93', '2020-03-27 01:24:52');
insert into users (id, name, surname, email, phone, gender, birthday, hometown, photo_id, pass, created_at) values (40, 'Enoch', 'Late', 'elate13@uol.com.br', '1825547811', 'M', '1989-05-21', 'Privolzhsk', '5487', 'f3548bb7dc1ad266fb5036ab8a18e083e0566ee118da4682bd29cbcbd51f7d89', '2020-04-23 19:37:41');
insert into users (id, name, surname, email, phone, gender, birthday, hometown, photo_id, pass, created_at) values (41, 'Jacinta', 'Utterson', 'jutterson14@pen.io', '9266147642', 'F', '1988-02-26', 'Lewoduli', '3462', 'babec2bffccd388aa361a9924d3d018c331606c863b0d8c46c54006ff639d93f', '2020-01-01 23:51:27');
insert into users (id, name, surname, email, phone, gender, birthday, hometown, photo_id, pass, created_at) values (42, 'Spense', 'Gwatkin', 'sgwatkin15@cnbc.com', '8143099429', 'M', '2011-04-03', 'Erie', '5050', '8189d902c90ed26230c33de0cbde5d2089344b05a25531a28903b6ef9877043e', '2020-03-12 22:37:05');
insert into users (id, name, surname, email, phone, gender, birthday, hometown, photo_id, pass, created_at) values (43, 'Junette', 'Johnsey', 'jjohnsey16@ovh.net', '2548987576', 'F', '2001-07-29', 'Onzaga', '3079', '5713782507dacc6cb7cd3493517f0380eb91b96dbf2ccd149d001af76e946005', '2020-07-12 00:51:19');
insert into users (id, name, surname, email, phone, gender, birthday, hometown, photo_id, pass, created_at) values (44, 'Bobbie', 'Burrells', 'bburrells17@lycos.com', '9074495835', 'M', '2011-05-17', 'Loučovice', '7013', '7e1d353b1929846bc680508b3e309747b12850566d2cc6b645417dcbfc14204a', '2020-09-19 13:38:06');
insert into users (id, name, surname, email, phone, gender, birthday, hometown, photo_id, pass, created_at) values (45, 'Palmer', 'Frigout', 'pfrigout18@netscape.com', '7728370286', 'M', '1986-11-30', 'Neẖalim', '7266', '2e9dc21efeec98d77d44658217cfa6ab6670141d53a5c140d7683da35c23bfd3', '2020-01-15 05:00:05');
insert into users (id, name, surname, email, phone, gender, birthday, hometown, photo_id, pass, created_at) values (46, 'Rance', 'Longmore', 'rlongmore19@deviantart.com', '1202053957', 'M', '2006-02-10', 'Jishu', '6905', 'a17e17ae2adea871e56ebfc3f26539e230aed91cdeec53bc1cccfc234a97c41c', '2020-09-12 00:53:36');
insert into users (id, name, surname, email, phone, gender, birthday, hometown, photo_id, pass, created_at) values (47, 'Teri', 'Burnhams', 'tburnhams1a@hatena.ne.jp', '4602889426', 'F', '1967-04-19', 'Gueltat Zemmour', '7719', 'af6015ec0eabf4e77c91ab2591818f586f0c5d486db8131118d48a94f5db65c9', '2020-08-15 05:58:35');
insert into users (id, name, surname, email, phone, gender, birthday, hometown, photo_id, pass, created_at) values (48, 'Anna-diane', 'Hannabus', 'ahannabus1b@dailymail.co.uk', '7593225905', 'F', '1977-01-20', 'Halmstad', '9344', '134a0529c6a094736a6ef57e14de7d556899e9bdaa68ef367d923a30911e703f', '2020-03-12 07:39:19');
insert into users (id, name, surname, email, phone, gender, birthday, hometown, photo_id, pass, created_at) values (49, 'Jeffry', 'Boncoeur', 'jboncoeur1c@admin.ch', '4481609189', 'M', '1952-08-05', 'Lázně Kynžvart', '1319', '25f4b21f7a7d26b34e045124e7226ad77c14949c27af1f520e5ce9641a093113', '2020-03-15 18:52:44');
insert into users (id, name, surname, email, phone, gender, birthday, hometown, photo_id, pass, created_at) values (50, 'Marcia', 'Haggar', 'mhaggar1d@mac.com', '9919300900', 'F', '1962-10-06', 'Pindi Bhattiān', '6050', '5afa4b74340472e2643782b1781eb2746bb2985344ff46ef7dd01d92a0fac054', '2020-01-29 00:02:32');
insert into users (id, name, surname, email, phone, gender, birthday, hometown, photo_id, pass, created_at) values (51, 'Dalia', 'Puller', 'dpuller1e@columbia.edu', '7694777160', 'F', '2019-02-16', 'Cassanayan', '6790', '2614a5a7827c53292d3772eb298a862a72b9a7b521eb9eba4ef541bc90a0287b', '2020-03-06 13:32:01');
insert into users (id, name, surname, email, phone, gender, birthday, hometown, photo_id, pass, created_at) values (52, 'Neel', 'Buesden', 'nbuesden1f@epa.gov', '8746480656', 'M', '1979-01-02', 'Maroua', '5308', '270c578368d71333e419d2e46c86f3f35bf75145bf1b32e17127bf54e291c967', '2020-07-21 16:02:01');
insert into users (id, name, surname, email, phone, gender, birthday, hometown, photo_id, pass, created_at) values (53, 'Shawn', 'Orwin', 'sorwin1g@blinklist.com', '4988198256', 'M', '1972-11-20', 'Port Hawkesbury', '9207', '1eaf68edcbb85af56ba42972e26e06e4a19eb3640663a9352e021812e96a4944', '2020-05-21 02:30:40');
insert into users (id, name, surname, email, phone, gender, birthday, hometown, photo_id, pass, created_at) values (54, 'Bartlett', 'Blower', 'bblower1h@blinklist.com', '8061525729', 'M', '1956-07-08', 'Xinan', '7347', 'dadb828a24413df7f58a08f58311e06c494c8f9e613fdfc0107c36a148486aa7', '2020-07-27 03:39:37');
insert into users (id, name, surname, email, phone, gender, birthday, hometown, photo_id, pass, created_at) values (55, 'Lane', 'Mathis', 'lmathis1i@homestead.com', '9664050620', 'F', '1971-08-13', 'Quichuay', '2697', 'd0f58f4e09c737e7b325e1a233dd090ab1d21c0aee5dbf0c5e73378f41fefa4a', '2020-01-15 14:32:59');
insert into users (id, name, surname, email, phone, gender, birthday, hometown, photo_id, pass, created_at) values (56, 'Katusha', 'Crighton', 'kcrighton1j@mashable.com', '5089171319', 'F', '1974-03-24', 'Diré', '4718', '443865339b8b01534a7e9a31f3d4de974c708dd128808b8a067c246d5bed20cf', '2020-05-17 09:47:04');
insert into users (id, name, surname, email, phone, gender, birthday, hometown, photo_id, pass, created_at) values (57, 'Sunny', 'Auton', 'sauton1k@webs.com', '6954258723', 'F', '1983-07-02', 'Bukuru', '0214', '1379cbaf3a65ea5d5eac1e32bc8ee4b6e4241aaad279cce5bcbfba4412f92726', '2020-02-02 15:33:41');
insert into users (id, name, surname, email, phone, gender, birthday, hometown, photo_id, pass, created_at) values (58, 'Dagny', 'Zecchinelli', 'dzecchinelli1l@smugmug.com', '8319721718', 'M', '2017-11-30', 'Bích Động', '4239', '9719bb6c59a87f1ead20c096af6ad81f930d3099874b8174ecd2772f6ae5b569', '2020-07-24 07:57:38');
insert into users (id, name, surname, email, phone, gender, birthday, hometown, photo_id, pass, created_at) values (59, 'Hartley', 'Ruddy', 'hruddy1m@slashdot.org', '8186217239', 'M', '1957-06-11', 'Volksrust', '6864', 'ee795cbc424a86b995157a663db76df7961e488da065acfa015ac5f1fd6863fd', '2020-06-06 09:49:54');
insert into users (id, name, surname, email, phone, gender, birthday, hometown, photo_id, pass, created_at) values (60, 'Alanah', 'Spoerl', 'aspoerl1n@ocn.ne.jp', '4315189512', 'F', '2017-03-18', 'Kacangan Lor', '8482', '94b8471483c2901c8ac79ee89521732131e2aabedb0f27cac1244e803eeb34d4', '2020-07-23 15:58:29');
insert into users (id, name, surname, email, phone, gender, birthday, hometown, photo_id, pass, created_at) values (61, 'Charmane', 'McClaurie', 'cmcclaurie1o@wp.com', '7003795400', 'F', '2016-07-29', 'Sevaster', '4825', '1be3cabd6d53c1d9c19eb4334d7515e9468a06044ddb7ce1fe288f1b85c2be54', '2020-09-09 17:51:40');
insert into users (id, name, surname, email, phone, gender, birthday, hometown, photo_id, pass, created_at) values (62, 'Eldridge', 'Bownde', 'ebownde1p@indiegogo.com', '8066119800', 'M', '2005-12-20', 'Karasuyama', '9075', '023cb2a8602389d8c72e33ed49772d6432633841bc396de014a38d021896e0f2', '2020-03-03 23:03:10');
insert into users (id, name, surname, email, phone, gender, birthday, hometown, photo_id, pass, created_at) values (63, 'Hanni', 'Bridal', 'hbridal1q@wunderground.com', '9066175284', 'F', '1961-04-14', 'Milagros', '0614', '2eb53ce7590cc1aae72b4971d5a90fc140817def916b9e08d4766e0d0f0d3b0a', '2020-02-06 00:10:19');
insert into users (id, name, surname, email, phone, gender, birthday, hometown, photo_id, pass, created_at) values (64, 'Artair', 'Keedwell', 'akeedwell1r@i2i.jp', '4011843279', 'M', '1983-02-06', 'Puqi', '5451', '4bf0b0299cdde00218b415082fcbb321689ffb381fcd6145f06cf1b602e02fa0', '2020-06-28 17:50:50');
insert into users (id, name, surname, email, phone, gender, birthday, hometown, photo_id, pass, created_at) values (65, 'Ring', 'Alvares', 'ralvares1s@soundcloud.com', '4154503414', 'M', '1988-08-09', 'Ilangay', '8745', 'f6662c997f2dade1082840f86cccc14555f85486f85f5bf6fc5be985fc1cddcc', '2020-09-19 02:13:43');
insert into users (id, name, surname, email, phone, gender, birthday, hometown, photo_id, pass, created_at) values (66, 'Abbye', 'Osban', 'aosban1t@prlog.org', '6282605469', 'F', '1968-02-21', 'Kishi', '9621', '9db901af338c2e2122c3cb2127000b5d1dcdfe72ebca934ccb69ae4ba4c358e9', '2020-02-28 13:16:29');
insert into users (id, name, surname, email, phone, gender, birthday, hometown, photo_id, pass, created_at) values (67, 'Elias', 'Linsley', 'elinsley1u@ocn.ne.jp', '9671924630', 'M', '1958-03-15', 'Cisiih', '7191', 'a1e547f1cd895da97d7c45c55f300bca01c9760dd9160886cc89befde5c6923d', '2020-09-19 23:04:24');
insert into users (id, name, surname, email, phone, gender, birthday, hometown, photo_id, pass, created_at) values (68, 'Igor', 'Orviss', 'iorviss1v@marketwatch.com', '6297191127', 'M', '1950-05-19', 'Mora', '2391', 'fac921fbf7847369b7c5780997b07d2fd818c6f3ae6f1c04d8637cd8452a98e3', '2020-06-30 05:19:54');
insert into users (id, name, surname, email, phone, gender, birthday, hometown, photo_id, pass, created_at) values (69, 'Carmela', 'Milillo', 'cmilillo1w@gmpg.org', '6941955488', 'F', '2005-09-06', 'Cibinong', '3680', '84f4d3657ebb36d83e205ef2fcd01a38c1e9aff2cf52c7dc534648e99ba2d839', '2020-09-07 09:07:07');
insert into users (id, name, surname, email, phone, gender, birthday, hometown, photo_id, pass, created_at) values (70, 'Priscilla', 'Splevings', 'psplevings1x@tripadvisor.com', '4111324722', 'F', '2010-04-09', 'Isugod', '5144', '3f0a86c15329b29da7a9894f7d7f5523b16afbfee92b855633ce3d72b71828ef', '2020-01-15 18:19:20');
insert into users (id, name, surname, email, phone, gender, birthday, hometown, photo_id, pass, created_at) values (71, 'Ainsley', 'Pullen', 'apullen1y@reuters.com', '1432930623', 'F', '1971-09-01', 'Huangbizhuang', '9830', '8e8126bb0f66f5c389b1aee0e6456013f040f10548ed588c0df99bfa224f65cf', '2020-02-02 11:47:45');
insert into users (id, name, surname, email, phone, gender, birthday, hometown, photo_id, pass, created_at) values (72, 'Jobyna', 'Mapis', 'jmapis1z@furl.net', '9479395179', 'F', '1981-08-06', 'San Ramón de la Nueva Orán', '1710', '585a0be78adba55e438dae39b1b483b756cda7840993dc478937cf4a5252d509', '2020-08-12 03:33:57');
insert into users (id, name, surname, email, phone, gender, birthday, hometown, photo_id, pass, created_at) values (73, 'Etta', 'Greed', 'egreed20@ca.gov', '5438702429', 'F', '1963-08-23', 'Bandar-e Torkaman', '6434', 'a75dbbb241e7b3a2fce44d2a79a246ffc58df831f638ec612129bb0175f0e100', '2020-06-27 03:14:28');
insert into users (id, name, surname, email, phone, gender, birthday, hometown, photo_id, pass, created_at) values (74, 'Curtis', 'Oldridge', 'coldridge21@devhub.com', '6591511738', 'M', '2004-12-07', 'Masḩah', '7456', 'a270be269fef4347ea3354581ced38e5573e5286814ed1b7086d1a82206d28b5', '2020-06-15 17:26:49');
insert into users (id, name, surname, email, phone, gender, birthday, hometown, photo_id, pass, created_at) values (75, 'Quinta', 'Sandon', 'qsandon22@simplemachines.org', '5547056183', 'F', '2020-07-16', 'Goussainville', '7182', 'd8fa51fe4a9ec7132424d1031e46413f4a10e1fc87fe935611a37bacb6899de3', '2020-04-07 20:52:50');
insert into users (id, name, surname, email, phone, gender, birthday, hometown, photo_id, pass, created_at) values (76, 'Benson', 'Darlaston', 'bdarlaston23@chronoengine.com', '1663028103', 'M', '2015-11-18', 'Kinna', '5787', 'a91e9ae829f53229fd0260efe95b9866253682318fb23ba292d4e39f43801e6b', '2020-08-18 03:57:42');
insert into users (id, name, surname, email, phone, gender, birthday, hometown, photo_id, pass, created_at) values (77, 'Bendicty', 'Thomasson', 'bthomasson24@joomla.org', '7787987659', 'M', '2019-04-10', 'Iida', '8477', '6715875222979177d6c9cb7275dfb41084f8b94afd2c12aa579a7457eb3c6a17', '2020-04-15 01:02:23');
insert into users (id, name, surname, email, phone, gender, birthday, hometown, photo_id, pass, created_at) values (78, 'Charlena', 'Flippini', 'cflippini25@surveymonkey.com', '4202653716', 'F', '1977-11-04', 'Gorgoram', '9377', '718ad9c5af5f2a5d3b6ce2b22b02e4637daa28e7eeed074fff033eefe68e59b7', '2020-03-22 01:49:29');
insert into users (id, name, surname, email, phone, gender, birthday, hometown, photo_id, pass, created_at) values (79, 'Veradis', 'O''Daly', 'vodaly26@gravatar.com', '4639966731', 'F', '1998-07-12', 'Donostia-San Sebastian', '4942', '2c42cb119b84f240f72c3c8d60aeb1100b442c26b2f307720ea3463834a5a9ca', '2020-03-08 19:17:14');
insert into users (id, name, surname, email, phone, gender, birthday, hometown, photo_id, pass, created_at) values (80, 'Gregoor', 'McKennan', 'gmckennan27@de.vu', '7302643766', 'M', '1969-04-13', 'Moutsamoudou', '4816', 'a8161149a51a157d92a6d06ef2d3c0681788d1e8573d817a4341fc2bffb29b81', '2020-04-21 09:37:27');
insert into users (id, name, surname, email, phone, gender, birthday, hometown, photo_id, pass, created_at) values (81, 'Orin', 'Lorenz', 'olorenz28@plala.or.jp', '3292236244', 'M', '1988-03-28', 'Smokvica', '7312', 'b553f982c70c7a2e2feade9556e2ed7145395652f864cafaf155029b5150666f', '2020-05-29 12:00:13');
insert into users (id, name, surname, email, phone, gender, birthday, hometown, photo_id, pass, created_at) values (82, 'Hadlee', 'Castellet', 'hcastellet29@ezinearticles.com', '8536283120', 'M', '1958-10-13', 'Wuduhe', '6910', 'bdbf3c1e730772be51336e91cf3a847aacec625575bd6ad417dbdb55c1b5fc25', '2020-03-02 21:36:35');
insert into users (id, name, surname, email, phone, gender, birthday, hometown, photo_id, pass, created_at) values (83, 'Amitie', 'Thomelin', 'athomelin2a@sun.com', '2585394527', 'F', '1972-06-26', 'Vale Flores', '3479', 'e6328817ce1e7b9f7d4188879120bb4092c6545c7315064f969a6070aafe01d8', '2020-08-19 19:45:29');
insert into users (id, name, surname, email, phone, gender, birthday, hometown, photo_id, pass, created_at) values (84, 'Bunni', 'Angier', 'bangier2b@geocities.com', '2548205847', 'F', '2001-07-04', 'Chittagong', '7223', '4e8d489bb632d14930cc525ead3ecab28a3ec788976701567120d19df8c5c0a2', '2020-04-09 13:00:07');
insert into users (id, name, surname, email, phone, gender, birthday, hometown, photo_id, pass, created_at) values (85, 'Mindy', 'Wolfindale', 'mwolfindale2c@tiny.cc', '1362636220', 'F', '2006-08-09', 'Taunoa', '3354', '81f5be7304d6988ff48f6ad314f70db9451717236b6ea3a161ab83495da2e6fb', '2020-03-20 15:37:13');
insert into users (id, name, surname, email, phone, gender, birthday, hometown, photo_id, pass, created_at) values (86, 'Davina', 'Sarginson', 'dsarginson2d@pagesperso-orange.fr', '9225387457', 'F', '1981-09-04', 'Malangwa', '2505', 'c029488214d33af280a0eca4122564e4a5b62e4dfc668dfcba0fea55898c1c79', '2020-09-14 18:06:30');
insert into users (id, name, surname, email, phone, gender, birthday, hometown, photo_id, pass, created_at) values (87, 'Pennie', 'Skates', 'pskates2e@spotify.com', '3597847123', 'F', '1982-09-22', 'Xiaozhi', '8554', 'aa8a09d933b0464e457abd38246bf6a1cbdc7e42436ff7f6bf1f533508734218', '2020-08-17 12:14:06');
insert into users (id, name, surname, email, phone, gender, birthday, hometown, photo_id, pass, created_at) values (88, 'Meagan', 'Terren', 'mterren2f@japanpost.jp', '7122070861', 'F', '1976-03-12', 'Oesain', '9724', '1f564a8e02437520e2e25d9e86492dbcb2a22c37a6e498047b1e829d9c1f203a', '2020-03-04 02:29:04');
insert into users (id, name, surname, email, phone, gender, birthday, hometown, photo_id, pass, created_at) values (89, 'Layla', 'Stuer', 'lstuer2g@51.la', '7824962423', 'F', '1994-01-31', 'Ngluwuk', '2610', '571d1ff6aff213dcc16fa25a7b517f5feb13615d3cf7933e2e67293d1ea36e4f', '2020-09-14 07:04:34');
insert into users (id, name, surname, email, phone, gender, birthday, hometown, photo_id, pass, created_at) values (90, 'Norby', 'Arnli', 'narnli2h@zimbio.com', '8044625488', 'M', '1981-04-18', 'Eskilstuna', '1732', 'af05354c9f0880688aeec36d279805ad0291e7d22f983a094b9f4cae523f88f9', '2020-07-25 18:32:23');
insert into users (id, name, surname, email, phone, gender, birthday, hometown, photo_id, pass, created_at) values (91, 'Cad', 'Bateson', 'cbateson2i@cocolog-nifty.com', '4677695596', 'M', '1973-02-28', 'Tendō', '7057', '2b60fb9de63a59fd48a47d1263a71e821877cdd67a39f5fa0d9ad90275a636cb', '2020-07-04 02:05:27');
insert into users (id, name, surname, email, phone, gender, birthday, hometown, photo_id, pass, created_at) values (92, 'Hartley', 'Wadham', 'hwadham2j@tiny.cc', '1047640277', 'M', '1972-11-23', 'Xinmatou', '6772', '6dcf2387789ac8c4f77f7c48d64bd44301ee0f8a25d4a8dfee5a89f5f9265ea5', '2020-05-18 21:37:24');
insert into users (id, name, surname, email, phone, gender, birthday, hometown, photo_id, pass, created_at) values (93, 'Coretta', 'Leacock', 'cleacock2k@timesonline.co.uk', '5128770310', 'F', '1999-12-20', 'Austin', '3708', 'd4ba9562f51d52a467e6bd687a46314949545b669c9a27f2b77d22aa61f9f355', '2020-08-17 07:06:52');
insert into users (id, name, surname, email, phone, gender, birthday, hometown, photo_id, pass, created_at) values (94, 'Thatch', 'Dami', 'tdami2l@studiopress.com', '1678462836', 'M', '1970-01-14', 'Pavlysh', '6678', '5c4157543e09bf88e87373e8b74b3c4aea2ba9eaf11753f57c06c6181de5107c', '2020-05-24 00:10:33');
insert into users (id, name, surname, email, phone, gender, birthday, hometown, photo_id, pass, created_at) values (95, 'Devlin', 'Stockley', 'dstockley2m@naver.com', '8083109434', 'M', '1962-01-29', 'Gongpo', '5294', '56a9b196e67ab708b14c03363c964daf2aa2a44c55916c6ef00ecd80424c107a', '2020-03-28 08:35:16');
insert into users (id, name, surname, email, phone, gender, birthday, hometown, photo_id, pass, created_at) values (96, 'Bernelle', 'Schule', 'bschule2n@miibeian.gov.cn', '9275426635', 'F', '1966-06-29', 'Gexi', '9746', '58011ddf8c608de40821f7606c81ffb6b72de7c2f974fa2bb38b07335050a00a', '2020-02-29 13:07:43');
insert into users (id, name, surname, email, phone, gender, birthday, hometown, photo_id, pass, created_at) values (97, 'Vanna', 'Beswetherick', 'vbeswetherick2o@cdbaby.com', '3499602256', 'F', '2020-03-09', 'Chimbas', '0717', 'e05e8b7766132ca0b7cc76dfe38fd75301618d9092397020e7e2c18c228b8b12', '2020-01-26 13:13:23');
insert into users (id, name, surname, email, phone, gender, birthday, hometown, photo_id, pass, created_at) values (98, 'Kelcie', 'Cahalin', 'kcahalin2p@umn.edu', '6278691085', 'F', '1955-10-29', 'Huquan', '5472', 'b32453585090b9e3817a51760c6ae3e8ca9fa1b40cfd67e800661a1eda20c755', '2020-06-04 22:16:26');
insert into users (id, name, surname, email, phone, gender, birthday, hometown, photo_id, pass, created_at) values (99, 'Igor', 'Guarin', 'iguarin2q@blogger.com', '2697437746', 'M', '2018-12-20', 'La Palma', '4428', 'ee7f975d4311f821ab0a7b4786c324ba45cb3c4b426c438b308e8d098b22f94b', '2020-02-04 09:25:22');
insert into users (id, name, surname, email, phone, gender, birthday, hometown, photo_id, pass, created_at) values (100, 'Upton', 'Broyd', 'ubroyd2r@e-recht24.de', '8743931917', 'M', '1963-11-29', 'Rumphi', '6805', '3ed05c5c07452f5e41e9841abb2eddcfb0c7ae8caef2ae38e8b1e6eb33a49ae0', '2020-03-18 23:57:21');

insert into messages (id, from_user_id, to_user_id, body, is_read, created_at) values (1, 8, 39, 'posuere cubilia curae mauris viverra diam vitae quam suspendisse potenti nullam porttitor lacus at turpis donec posuere metus vitae ipsum aliquam non mauris morbi non lectus', 0, '2020-03-02 09:20:42');
insert into messages (id, from_user_id, to_user_id, body, is_read, created_at) values (2, 49, 26, 'bibendum morbi non quam nec dui luctus rutrum nulla tellus in sagittis dui vel nisl duis ac nibh fusce lacus purus aliquet at feugiat non pretium quis lectus suspendisse', 1, '2020-02-27 21:28:38');
insert into messages (id, from_user_id, to_user_id, body, is_read, created_at) values (3, 99, 7, 'auctor gravida sem praesent id massa id nisl venenatis lacinia aenean sit amet justo morbi ut odio cras', 0, '2020-02-21 12:43:53');
insert into messages (id, from_user_id, to_user_id, body, is_read, created_at) values (4, 67, 23, 'tempus semper est quam pharetra magna ac consequat metus sapien ut nunc vestibulum ante ipsum primis in faucibus orci luctus et ultrices posuere cubilia', 1, '2020-02-25 08:28:36');
insert into messages (id, from_user_id, to_user_id, body, is_read, created_at) values (5, 25, 11, 'curae donec pharetra magna vestibulum aliquet ultrices erat tortor sollicitudin mi sit amet lobortis sapien sapien non mi integer', 1, '2020-07-22 02:41:37');
insert into messages (id, from_user_id, to_user_id, body, is_read, created_at) values (6, 20, 100, 'tristique est et tempus semper est quam pharetra magna ac consequat metus sapien ut nunc vestibulum ante ipsum primis in faucibus', 0, '2020-06-16 00:34:52');
insert into messages (id, from_user_id, to_user_id, body, is_read, created_at) values (7, 46, 8, 'vitae quam suspendisse potenti nullam porttitor lacus at turpis donec posuere metus vitae ipsum aliquam non', 1, '2020-09-23 02:11:37');
insert into messages (id, from_user_id, to_user_id, body, is_read, created_at) values (8, 8, 52, 'orci luctus et ultrices posuere cubilia curae duis faucibus accumsan odio', 0, '2020-07-01 13:53:16');
insert into messages (id, from_user_id, to_user_id, body, is_read, created_at) values (9, 54, 84, 'enim sit amet nunc viverra dapibus nulla suscipit ligula in lacus curabitur at ipsum ac tellus semper interdum mauris ullamcorper purus', 1, '2020-08-22 23:00:12');
insert into messages (id, from_user_id, to_user_id, body, is_read, created_at) values (10, 91, 93, 'vulputate nonummy maecenas tincidunt lacus at velit vivamus vel nulla eget eros elementum pellentesque quisque porta volutpat erat quisque', 1, '2020-07-20 15:19:19');
insert into messages (id, from_user_id, to_user_id, body, is_read, created_at) values (11, 55, 35, 'metus sapien ut nunc vestibulum ante', 0, '2020-08-27 04:18:37');
insert into messages (id, from_user_id, to_user_id, body, is_read, created_at) values (12, 77, 71, 'nisi eu orci mauris lacinia sapien quis libero nullam', 1, '2020-09-15 12:45:32');
insert into messages (id, from_user_id, to_user_id, body, is_read, created_at) values (13, 84, 45, 'odio donec vitae nisi nam ultrices libero non mattis pulvinar nulla', 0, '2020-01-05 17:54:04');
insert into messages (id, from_user_id, to_user_id, body, is_read, created_at) values (14, 68, 7, 'congue risus semper porta volutpat quam pede lobortis ligula sit amet eleifend', 0, '2020-07-28 21:32:44');
insert into messages (id, from_user_id, to_user_id, body, is_read, created_at) values (15, 27, 2, 'mattis nibh ligula nec sem duis aliquam convallis nunc proin', 0, '2020-09-11 02:00:01');
insert into messages (id, from_user_id, to_user_id, body, is_read, created_at) values (16, 38, 58, 'eleifend quam a odio in hac habitasse platea dictumst maecenas', 0, '2020-03-11 23:28:04');
insert into messages (id, from_user_id, to_user_id, body, is_read, created_at) values (17, 62, 89, 'vulputate ut ultrices vel augue vestibulum ante ipsum primis in faucibus orci luctus et ultrices posuere cubilia', 0, '2020-01-25 18:46:09');
insert into messages (id, from_user_id, to_user_id, body, is_read, created_at) values (18, 35, 72, 'vestibulum eget vulputate ut ultrices vel augue vestibulum ante ipsum primis in faucibus orci luctus et ultrices posuere cubilia curae donec pharetra magna vestibulum aliquet ultrices erat tortor', 1, '2020-03-28 06:27:35');
insert into messages (id, from_user_id, to_user_id, body, is_read, created_at) values (19, 28, 14, 'nulla facilisi cras non velit nec nisi vulputate nonummy maecenas tincidunt', 0, '2020-09-09 04:42:56');
insert into messages (id, from_user_id, to_user_id, body, is_read, created_at) values (20, 46, 89, 'elementum eu interdum eu tincidunt in leo', 0, '2020-08-08 21:00:20');
insert into messages (id, from_user_id, to_user_id, body, is_read, created_at) values (21, 66, 40, 'cursus id turpis integer aliquet massa id lobortis convallis tortor risus dapibus augue vel', 1, '2020-09-22 02:47:39');
insert into messages (id, from_user_id, to_user_id, body, is_read, created_at) values (22, 1, 87, 'primis in faucibus orci luctus et ultrices posuere cubilia curae mauris viverra diam vitae quam suspendisse potenti nullam porttitor lacus at turpis donec', 0, '2020-08-22 05:18:48');
insert into messages (id, from_user_id, to_user_id, body, is_read, created_at) values (23, 14, 53, 'in imperdiet et commodo vulputate justo in blandit ultrices enim lorem ipsum dolor sit amet', 1, '2020-08-09 13:24:37');
insert into messages (id, from_user_id, to_user_id, body, is_read, created_at) values (24, 47, 29, 'at velit eu est congue elementum in hac habitasse platea dictumst morbi vestibulum velit id pretium', 1, '2020-06-11 20:24:54');
insert into messages (id, from_user_id, to_user_id, body, is_read, created_at) values (25, 11, 5, 'vehicula condimentum curabitur in libero ut massa volutpat convallis morbi odio odio elementum eu interdum', 1, '2020-04-28 12:39:25');
insert into messages (id, from_user_id, to_user_id, body, is_read, created_at) values (26, 75, 39, 'lorem id ligula suspendisse ornare consequat lectus in est', 0, '2020-07-09 04:54:13');
insert into messages (id, from_user_id, to_user_id, body, is_read, created_at) values (27, 27, 28, 'vestibulum aliquet ultrices erat tortor sollicitudin', 0, '2020-08-18 12:45:20');
insert into messages (id, from_user_id, to_user_id, body, is_read, created_at) values (28, 49, 76, 'justo maecenas rhoncus aliquam lacus morbi quis tortor id nulla ultrices aliquet maecenas leo odio condimentum id', 1, '2020-05-07 12:08:18');
insert into messages (id, from_user_id, to_user_id, body, is_read, created_at) values (29, 94, 78, 'donec ut dolor morbi vel lectus in quam fringilla rhoncus mauris enim leo rhoncus sed vestibulum sit amet cursus', 0, '2020-02-02 07:46:32');
insert into messages (id, from_user_id, to_user_id, body, is_read, created_at) values (30, 81, 96, 'nibh quisque id justo sit amet sapien dignissim vestibulum vestibulum ante ipsum primis', 1, '2020-02-13 17:27:00');
insert into messages (id, from_user_id, to_user_id, body, is_read, created_at) values (31, 50, 82, 'quis tortor id nulla ultrices aliquet maecenas leo odio condimentum id luctus nec molestie sed justo pellentesque viverra pede ac diam cras pellentesque volutpat dui maecenas tristique', 1, '2020-02-24 00:53:38');
insert into messages (id, from_user_id, to_user_id, body, is_read, created_at) values (32, 40, 9, 'congue eget semper rutrum nulla nunc purus phasellus in', 0, '2020-06-19 19:02:11');
insert into messages (id, from_user_id, to_user_id, body, is_read, created_at) values (33, 4, 18, 'turpis elementum ligula vehicula consequat morbi a ipsum integer a nibh in quis justo maecenas rhoncus aliquam lacus morbi quis tortor id nulla ultrices', 1, '2020-07-09 17:01:34');
insert into messages (id, from_user_id, to_user_id, body, is_read, created_at) values (34, 2, 73, 'eget tincidunt eget tempus vel pede morbi porttitor lorem', 1, '2020-07-08 02:31:43');
insert into messages (id, from_user_id, to_user_id, body, is_read, created_at) values (35, 3, 50, 'tristique est et tempus semper est quam pharetra magna ac consequat metus sapien ut nunc vestibulum ante ipsum primis in faucibus orci luctus', 1, '2020-03-16 02:31:55');
insert into messages (id, from_user_id, to_user_id, body, is_read, created_at) values (36, 100, 29, 'porta volutpat erat quisque erat eros viverra eget congue eget semper rutrum nulla', 0, '2020-05-11 05:03:30');
insert into messages (id, from_user_id, to_user_id, body, is_read, created_at) values (37, 98, 79, 'nullam porttitor lacus at turpis donec posuere metus vitae ipsum aliquam non mauris morbi non', 1, '2020-01-08 04:01:00');
insert into messages (id, from_user_id, to_user_id, body, is_read, created_at) values (38, 81, 99, 'eu tincidunt in leo maecenas pulvinar lobortis est phasellus sit amet erat nulla tempus vivamus in felis eu sapien cursus vestibulum proin eu mi', 0, '2020-02-28 03:06:00');
insert into messages (id, from_user_id, to_user_id, body, is_read, created_at) values (39, 84, 15, 'in faucibus orci luctus et ultrices posuere cubilia curae donec pharetra', 0, '2020-04-27 06:27:28');
insert into messages (id, from_user_id, to_user_id, body, is_read, created_at) values (40, 24, 39, 'sapien in sapien iaculis congue vivamus metus arcu adipiscing molestie hendrerit', 0, '2020-06-08 16:50:15');
insert into messages (id, from_user_id, to_user_id, body, is_read, created_at) values (41, 46, 88, 'ante vel ipsum praesent blandit lacinia erat vestibulum sed magna at nunc commodo placerat praesent blandit nam nulla integer pede justo lacinia', 1, '2020-01-31 16:03:10');
insert into messages (id, from_user_id, to_user_id, body, is_read, created_at) values (42, 70, 27, 'blandit nam nulla integer pede justo lacinia eget tincidunt eget tempus vel pede morbi porttitor lorem id', 1, '2020-07-14 02:34:28');
insert into messages (id, from_user_id, to_user_id, body, is_read, created_at) values (43, 59, 93, 'orci vehicula condimentum curabitur in libero ut massa volutpat convallis morbi odio odio elementum eu interdum eu tincidunt in leo maecenas pulvinar lobortis est phasellus', 1, '2020-08-21 22:12:44');
insert into messages (id, from_user_id, to_user_id, body, is_read, created_at) values (44, 48, 23, 'aliquam sit amet diam in magna', 1, '2020-03-28 09:18:42');
insert into messages (id, from_user_id, to_user_id, body, is_read, created_at) values (45, 75, 63, 'in blandit ultrices enim lorem ipsum dolor sit amet', 1, '2020-02-28 00:41:44');
insert into messages (id, from_user_id, to_user_id, body, is_read, created_at) values (46, 53, 60, 'lorem vitae mattis nibh ligula nec sem duis', 1, '2020-01-02 12:54:24');
insert into messages (id, from_user_id, to_user_id, body, is_read, created_at) values (47, 3, 85, 'nibh in quis justo maecenas rhoncus aliquam lacus morbi quis tortor id nulla ultrices aliquet maecenas leo odio condimentum id luctus nec molestie sed justo pellentesque viverra pede ac diam', 1, '2020-06-03 18:58:24');
insert into messages (id, from_user_id, to_user_id, body, is_read, created_at) values (48, 31, 4, 'sollicitudin mi sit amet lobortis sapien sapien non mi integer ac neque duis bibendum morbi non quam nec dui luctus', 0, '2020-08-24 05:48:18');
insert into messages (id, from_user_id, to_user_id, body, is_read, created_at) values (49, 66, 25, 'est et tempus semper est quam pharetra magna ac consequat metus sapien ut nunc vestibulum ante ipsum primis in faucibus orci luctus et ultrices posuere cubilia curae mauris viverra', 1, '2020-02-01 04:14:43');
insert into messages (id, from_user_id, to_user_id, body, is_read, created_at) values (50, 42, 3, 'eget tempus vel pede morbi porttitor lorem id ligula suspendisse ornare consequat', 0, '2020-03-04 03:30:01');

insert into friend_requests (initiator_user_id, target_user_id, status, requested_at, confirmed_at) values (13, 11, 'approved', '2020-03-06 15:10:27', '2020-04-03 06:41:21');
insert into friend_requests (initiator_user_id, target_user_id, status, requested_at, confirmed_at) values (4, 56, 'approved', '2020-02-20 17:13:48', '2020-08-31 17:29:57');
insert into friend_requests (initiator_user_id, target_user_id, status, requested_at, confirmed_at) values (39, 98, 'declined', '2020-01-25 03:57:03', '2020-08-09 12:45:04');
insert into friend_requests (initiator_user_id, target_user_id, status, requested_at, confirmed_at) values (33, 68, 'unfriended', '2020-03-26 09:54:08', '2020-09-07 06:01:09');
insert into friend_requests (initiator_user_id, target_user_id, status, requested_at, confirmed_at) values (4, 24, 'unfriended', '2020-02-22 00:54:12', '2020-06-16 12:59:53');
insert into friend_requests (initiator_user_id, target_user_id, status, requested_at, confirmed_at) values (45, 11, 'approved', '2020-01-06 00:20:07', '2020-09-13 11:12:19');
insert into friend_requests (initiator_user_id, target_user_id, status, requested_at, confirmed_at) values (18, 40, 'unfriended', '2020-03-29 14:45:15', '2020-06-06 05:08:03');
insert into friend_requests (initiator_user_id, target_user_id, status, requested_at, confirmed_at) values (76, 70, 'declined', '2020-01-29 01:20:10', '2020-06-28 20:24:32');
insert into friend_requests (initiator_user_id, target_user_id, status, requested_at, confirmed_at) values (18, 63, 'declined', '2020-02-17 04:29:31', '2020-09-14 18:05:58');
insert into friend_requests (initiator_user_id, target_user_id, status, requested_at, confirmed_at) values (72, 9, 'requested', '2020-02-04 22:57:27', '2020-08-26 15:11:32');
insert into friend_requests (initiator_user_id, target_user_id, status, requested_at, confirmed_at) values (85, 18, 'unfriended', '2020-03-19 01:25:31', '2020-07-08 00:18:49');
insert into friend_requests (initiator_user_id, target_user_id, status, requested_at, confirmed_at) values (90, 68, 'declined', '2020-03-30 20:06:09', '2020-08-13 00:58:10');
insert into friend_requests (initiator_user_id, target_user_id, status, requested_at, confirmed_at) values (56, 17, 'unfriended', '2020-02-29 05:31:19', '2020-06-16 11:04:17');
insert into friend_requests (initiator_user_id, target_user_id, status, requested_at, confirmed_at) values (87, 18, 'requested', '2020-02-06 07:06:50', '2020-04-24 10:48:00');
insert into friend_requests (initiator_user_id, target_user_id, status, requested_at, confirmed_at) values (53, 59, 'declined', '2020-01-02 13:10:28', '2020-05-08 06:17:42');
insert into friend_requests (initiator_user_id, target_user_id, status, requested_at, confirmed_at) values (30, 17, 'requested', '2020-02-24 21:46:10', '2020-05-16 05:15:53');
insert into friend_requests (initiator_user_id, target_user_id, status, requested_at, confirmed_at) values (62, 23, 'requested', '2020-03-04 22:10:03', '2020-07-29 05:04:28');
insert into friend_requests (initiator_user_id, target_user_id, status, requested_at, confirmed_at) values (24, 12, 'requested', '2020-02-20 13:48:38', '2020-08-01 06:40:28');
insert into friend_requests (initiator_user_id, target_user_id, status, requested_at, confirmed_at) values (15, 99, 'declined', '2020-03-06 01:29:43', '2020-07-05 22:21:06');
insert into friend_requests (initiator_user_id, target_user_id, status, requested_at, confirmed_at) values (18, 26, 'approved', '2020-01-27 19:23:28', '2020-05-26 01:02:06');
insert into friend_requests (initiator_user_id, target_user_id, status, requested_at, confirmed_at) values (75, 89, 'unfriended', '2020-03-14 01:44:37', '2020-09-04 06:25:57');
insert into friend_requests (initiator_user_id, target_user_id, status, requested_at, confirmed_at) values (19, 100, 'unfriended', '2020-03-26 11:18:09', '2020-06-28 09:11:39');
insert into friend_requests (initiator_user_id, target_user_id, status, requested_at, confirmed_at) values (8, 53, 'requested', '2020-03-14 20:19:15', '2020-05-22 22:57:11');
insert into friend_requests (initiator_user_id, target_user_id, status, requested_at, confirmed_at) values (75, 32, 'requested', '2020-01-11 12:58:57', '2020-04-20 18:20:33');
insert into friend_requests (initiator_user_id, target_user_id, status, requested_at, confirmed_at) values (41, 78, 'requested', '2020-02-20 21:54:08', '2020-05-28 00:11:56');
insert into friend_requests (initiator_user_id, target_user_id, status, requested_at, confirmed_at) values (23, 100, 'approved', '2020-01-15 12:25:27', '2020-05-07 21:34:36');
insert into friend_requests (initiator_user_id, target_user_id, status, requested_at, confirmed_at) values (52, 61, 'requested', '2020-03-20 15:12:55', '2020-07-24 01:14:16');
insert into friend_requests (initiator_user_id, target_user_id, status, requested_at, confirmed_at) values (45, 84, 'unfriended', '2020-01-15 06:50:28', '2020-04-08 16:06:35');
insert into friend_requests (initiator_user_id, target_user_id, status, requested_at, confirmed_at) values (28, 8, 'unfriended', '2020-02-14 17:33:47', '2020-04-19 06:22:35');
insert into friend_requests (initiator_user_id, target_user_id, status, requested_at, confirmed_at) values (42, 99, 'declined', '2020-02-15 18:19:18', '2020-05-09 12:06:49');
insert into friend_requests (initiator_user_id, target_user_id, status, requested_at, confirmed_at) values (24, 89, 'requested', '2020-01-06 14:49:59', '2020-09-16 02:41:03');
insert into friend_requests (initiator_user_id, target_user_id, status, requested_at, confirmed_at) values (56, 71, 'unfriended', '2020-01-24 15:41:48', '2020-09-20 10:13:37');
insert into friend_requests (initiator_user_id, target_user_id, status, requested_at, confirmed_at) values (51, 94, 'approved', '2020-02-14 05:18:27', '2020-09-23 15:03:37');
insert into friend_requests (initiator_user_id, target_user_id, status, requested_at, confirmed_at) values (52, 10, 'requested', '2020-01-05 17:31:57', '2020-05-30 05:00:56');
insert into friend_requests (initiator_user_id, target_user_id, status, requested_at, confirmed_at) values (24, 79, 'approved', '2020-01-22 02:54:26', '2020-09-17 05:15:26');
insert into friend_requests (initiator_user_id, target_user_id, status, requested_at, confirmed_at) values (34, 62, 'requested', '2020-02-25 16:29:46', '2020-06-28 00:11:30');
insert into friend_requests (initiator_user_id, target_user_id, status, requested_at, confirmed_at) values (52, 33, 'unfriended', '2020-02-15 10:12:40', '2020-04-07 00:20:06');
insert into friend_requests (initiator_user_id, target_user_id, status, requested_at, confirmed_at) values (13, 39, 'unfriended', '2020-03-27 23:54:44', '2020-05-22 00:47:06');
insert into friend_requests (initiator_user_id, target_user_id, status, requested_at, confirmed_at) values (78, 74, 'requested', '2020-01-27 10:22:14', '2020-05-26 23:41:58');
insert into friend_requests (initiator_user_id, target_user_id, status, requested_at, confirmed_at) values (45, 95, 'approved', '2020-02-13 01:11:44', '2020-06-28 09:50:16');

insert into communities (id, name) values (1, 'Balistreri-White');
insert into communities (id, name) values (2, 'Murphy, O''Hara and Boyer');
insert into communities (id, name) values (3, 'Quigley, Thompson and Reichel');
insert into communities (id, name) values (4, 'Stanton, Thompson and Hickle');
insert into communities (id, name) values (5, 'Moore Group');
insert into communities (id, name) values (6, 'Buckridge-Nader');
insert into communities (id, name) values (7, 'Considine-Johns');
insert into communities (id, name) values (8, 'Schimmel Group');
insert into communities (id, name) values (9, 'Schaden-Quigley');
insert into communities (id, name) values (10, 'Strosin Inc');
insert into communities (id, name) values (11, 'Hudson-Cassin');
insert into communities (id, name) values (12, 'Rohan Group');
insert into communities (id, name) values (13, 'Batz LLC');
insert into communities (id, name) values (14, 'Mosciski and Sons');
insert into communities (id, name) values (15, 'Wunsch LLC');
insert into communities (id, name) values (16, 'Lynch-Casper');
insert into communities (id, name) values (17, 'D''Amore-Borer');
insert into communities (id, name) values (18, 'Wilderman, Boyer and Bailey');
insert into communities (id, name) values (19, 'Feeney Group');
insert into communities (id, name) values (20, 'Schulist, Corwin and Balistreri');
insert into communities (id, name) values (21, 'Anderson, Morissette and Green');
insert into communities (id, name) values (22, 'Wilderman, Kris and Johnson');
insert into communities (id, name) values (23, 'Jones-Gusikowski');
insert into communities (id, name) values (24, 'McDermott Inc');
insert into communities (id, name) values (25, 'King-Lueilwitz');
insert into communities (id, name) values (26, 'Bartell, Macejkovic and Runolfsson');
insert into communities (id, name) values (27, 'Upton, Bauch and Kling');
insert into communities (id, name) values (28, 'Blanda-Greenholt');
insert into communities (id, name) values (29, 'Grant, Ortiz and Goyette');
insert into communities (id, name) values (30, 'Padberg and Sons');

insert into users_communities (user_id, community_id, is_admin) values (85, 20, 1);
insert into users_communities (user_id, community_id, is_admin) values (37, 6, 1);
insert into users_communities (user_id, community_id, is_admin) values (41, 2, 0);
insert into users_communities (user_id, community_id, is_admin) values (74, 26, 1);
insert into users_communities (user_id, community_id, is_admin) values (76, 15, 1);
insert into users_communities (user_id, community_id, is_admin) values (79, 4, 1);
insert into users_communities (user_id, community_id, is_admin) values (67, 1, 1);
insert into users_communities (user_id, community_id, is_admin) values (39, 19, 0);
insert into users_communities (user_id, community_id, is_admin) values (76, 11, 1);
insert into users_communities (user_id, community_id, is_admin) values (97, 2, 1);
insert into users_communities (user_id, community_id, is_admin) values (23, 4, 0);
insert into users_communities (user_id, community_id, is_admin) values (31, 5, 1);
insert into users_communities (user_id, community_id, is_admin) values (35, 25, 1);
insert into users_communities (user_id, community_id, is_admin) values (31, 29, 1);
insert into users_communities (user_id, community_id, is_admin) values (92, 8, 0);
insert into users_communities (user_id, community_id, is_admin) values (41, 21, 1);
insert into users_communities (user_id, community_id, is_admin) values (56, 20, 1);
insert into users_communities (user_id, community_id, is_admin) values (13, 26, 0);
insert into users_communities (user_id, community_id, is_admin) values (57, 11, 0);
insert into users_communities (user_id, community_id, is_admin) values (48, 18, 0);
insert into users_communities (user_id, community_id, is_admin) values (41, 12, 0);
insert into users_communities (user_id, community_id, is_admin) values (71, 24, 0);
insert into users_communities (user_id, community_id, is_admin) values (40, 2, 1);
insert into users_communities (user_id, community_id, is_admin) values (87, 9, 1);
insert into users_communities (user_id, community_id, is_admin) values (22, 6, 0);
insert into users_communities (user_id, community_id, is_admin) values (55, 21, 0);
insert into users_communities (user_id, community_id, is_admin) values (67, 27, 1);
insert into users_communities (user_id, community_id, is_admin) values (14, 29, 1);
insert into users_communities (user_id, community_id, is_admin) values (69, 4, 1);
insert into users_communities (user_id, community_id, is_admin) values (3, 23, 0);

insert into posts (id, user_id, body, metadata, created_at, updated_at) values (1, 64, 'Cras in purus eu magna vulputate luctus. Cum sociis natoque penatibus et magnis dis parturient montes, nascetur ridiculus mus. Vivamus vestibulum sagittis sapien. Cum sociis natoque penatibus et magnis dis parturient montes, nascetur ridiculus mus. Etiam vel augue. Vestibulum rutrum rutrum neque.', '[{},{},{},{},{}]', '2020-02-23 07:00:25', '2020-05-15 04:49:51');
insert into posts (id, user_id, body, metadata, created_at, updated_at) values (2, 17, 'Vestibulum sed magna at nunc commodo placerat. Praesent blandit. Nam nulla. Integer pede justo, lacinia eget, tincidunt eget, tempus vel, pede. Morbi porttitor lorem id ligula. Suspendisse ornare consequat lectus. In est risus, auctor sed, tristique in, tempus sit amet, sem. Fusce consequat.', '[{}]', '2020-02-12 00:53:39', '2020-04-26 19:10:56');
insert into posts (id, user_id, body, metadata, created_at, updated_at) values (3, 98, 'Cras pellentesque volutpat dui. Maecenas tristique, est et tempus semper, est quam pharetra magna, ac consequat metus sapien ut nunc. Vestibulum ante ipsum primis in faucibus orci luctus et ultrices posuere cubilia Curae; Mauris viverra diam vitae quam. Suspendisse potenti. Nullam porttitor lacus at turpis. Donec posuere metus vitae ipsum. Aliquam non mauris. Morbi non lectus. Aliquam sit amet diam in magna bibendum imperdiet. Nullam orci pede, venenatis non, sodales sed, tincidunt eu, felis. Fusce posuere felis sed lacus. Morbi sem mauris, laoreet ut, rhoncus aliquet, pulvinar sed, nisl. Nunc rhoncus dui vel sem. Sed sagittis. Nam congue, risus semper porta volutpat, quam pede lobortis ligula, sit amet eleifend pede libero quis orci. Nullam molestie nibh in lectus. Pellentesque at nulla. Suspendisse potenti. Cras in purus eu magna vulputate luctus. Cum sociis natoque penatibus et magnis dis parturient montes, nascetur ridiculus mus. Vivamus vestibulum sagittis sapien. Cum sociis natoque penatibus et magnis dis parturient montes, nascetur ridiculus mus. Etiam vel augue. Vestibulum rutrum rutrum neque. Aenean auctor gravida sem. Praesent id massa id nisl venenatis lacinia. Aenean sit amet justo.', '[{},{},{},{},{}]', '2020-06-15 18:51:43', '2020-05-26 07:43:55');
insert into posts (id, user_id, body, metadata, created_at, updated_at) values (4, 46, 'Nullam sit amet turpis elementum ligula vehicula consequat. Morbi a ipsum. Integer a nibh. In quis justo. Maecenas rhoncus aliquam lacus. Morbi quis tortor id nulla ultrices aliquet. Maecenas leo odio, condimentum id, luctus nec, molestie sed, justo. Pellentesque viverra pede ac diam. Cras pellentesque volutpat dui. Maecenas tristique, est et tempus semper, est quam pharetra magna, ac consequat metus sapien ut nunc. Vestibulum ante ipsum primis in faucibus orci luctus et ultrices posuere cubilia Curae; Mauris viverra diam vitae quam. Suspendisse potenti. Nullam porttitor lacus at turpis. Donec posuere metus vitae ipsum. Aliquam non mauris. Morbi non lectus. Aliquam sit amet diam in magna bibendum imperdiet. Nullam orci pede, venenatis non, sodales sed, tincidunt eu, felis. Fusce posuere felis sed lacus. Morbi sem mauris, laoreet ut, rhoncus aliquet, pulvinar sed, nisl. Nunc rhoncus dui vel sem. Sed sagittis. Nam congue, risus semper porta volutpat, quam pede lobortis ligula, sit amet eleifend pede libero quis orci.', '[{}]', '2020-04-03 11:14:42', '2020-04-23 14:36:56');
insert into posts (id, user_id, body, metadata, created_at, updated_at) values (5, 3, 'Etiam pretium iaculis justo. In hac habitasse platea dictumst. Etiam faucibus cursus urna. Ut tellus. Nulla ut erat id mauris vulputate elementum. Nullam varius. Nulla facilisi.', '[{},{}]', '2020-05-28 04:43:03', '2020-04-12 18:59:24');
insert into posts (id, user_id, body, metadata, created_at, updated_at) values (6, 51, 'Nulla ac enim. In tempor, turpis nec euismod scelerisque, quam turpis adipiscing lorem, vitae mattis nibh ligula nec sem. Duis aliquam convallis nunc. Proin at turpis a pede posuere nonummy. Integer non velit. Donec diam neque, vestibulum eget, vulputate ut, ultrices vel, augue. Vestibulum ante ipsum primis in faucibus orci luctus et ultrices posuere cubilia Curae; Donec pharetra, magna vestibulum aliquet ultrices, erat tortor sollicitudin mi, sit amet lobortis sapien sapien non mi. Integer ac neque. Duis bibendum. Morbi non quam nec dui luctus rutrum. Nulla tellus. In sagittis dui vel nisl. Duis ac nibh. Fusce lacus purus, aliquet at, feugiat non, pretium quis, lectus. Suspendisse potenti. In eleifend quam a odio. In hac habitasse platea dictumst. Maecenas ut massa quis augue luctus tincidunt. Nulla mollis molestie lorem. Quisque ut erat. Curabitur gravida nisi at nibh. In hac habitasse platea dictumst. Aliquam augue quam, sollicitudin vitae, consectetuer eget, rutrum at, lorem. Integer tincidunt ante vel ipsum. Praesent blandit lacinia erat. Vestibulum sed magna at nunc commodo placerat. Praesent blandit. Nam nulla. Integer pede justo, lacinia eget, tincidunt eget, tempus vel, pede. Morbi porttitor lorem id ligula.', '[{},{}]', '2020-04-10 03:18:03', '2020-05-12 02:18:16');
insert into posts (id, user_id, body, metadata, created_at, updated_at) values (7, 74, 'Donec odio justo, sollicitudin ut, suscipit a, feugiat et, eros. Vestibulum ac est lacinia nisi venenatis tristique. Fusce congue, diam id ornare imperdiet, sapien urna pretium nisl, ut volutpat sapien arcu sed augue. Aliquam erat volutpat. In congue. Etiam justo.', '[{},{},{},{},{}]', '2020-04-14 16:43:11', '2020-07-05 20:27:36');
insert into posts (id, user_id, body, metadata, created_at, updated_at) values (8, 57, 'Suspendisse ornare consequat lectus. In est risus, auctor sed, tristique in, tempus sit amet, sem. Fusce consequat. Nulla nisl. Nunc nisl. Duis bibendum, felis sed interdum venenatis, turpis enim blandit mi, in porttitor pede justo eu massa. Donec dapibus. Duis at velit eu est congue elementum. In hac habitasse platea dictumst. Morbi vestibulum, velit id pretium iaculis, diam erat fermentum justo, nec condimentum neque sapien placerat ante. Nulla justo. Aliquam quis turpis eget elit sodales scelerisque. Mauris sit amet eros. Suspendisse accumsan tortor quis turpis. Sed ante.', '[{},{}]', '2020-03-11 15:58:13', '2020-02-12 18:42:02');
insert into posts (id, user_id, body, metadata, created_at, updated_at) values (9, 45, 'In quis justo. Maecenas rhoncus aliquam lacus. Morbi quis tortor id nulla ultrices aliquet. Maecenas leo odio, condimentum id, luctus nec, molestie sed, justo. Pellentesque viverra pede ac diam. Cras pellentesque volutpat dui. Maecenas tristique, est et tempus semper, est quam pharetra magna, ac consequat metus sapien ut nunc. Vestibulum ante ipsum primis in faucibus orci luctus et ultrices posuere cubilia Curae; Mauris viverra diam vitae quam. Suspendisse potenti. Nullam porttitor lacus at turpis. Donec posuere metus vitae ipsum. Aliquam non mauris. Morbi non lectus. Aliquam sit amet diam in magna bibendum imperdiet. Nullam orci pede, venenatis non, sodales sed, tincidunt eu, felis. Fusce posuere felis sed lacus. Morbi sem mauris, laoreet ut, rhoncus aliquet, pulvinar sed, nisl. Nunc rhoncus dui vel sem. Sed sagittis. Nam congue, risus semper porta volutpat, quam pede lobortis ligula, sit amet eleifend pede libero quis orci. Nullam molestie nibh in lectus. Pellentesque at nulla. Suspendisse potenti. Cras in purus eu magna vulputate luctus.', '[{}]', '2020-02-06 02:29:13', '2020-06-22 23:55:15');
insert into posts (id, user_id, body, metadata, created_at, updated_at) values (10, 63, 'In quis justo. Maecenas rhoncus aliquam lacus. Morbi quis tortor id nulla ultrices aliquet. Maecenas leo odio, condimentum id, luctus nec, molestie sed, justo. Pellentesque viverra pede ac diam. Cras pellentesque volutpat dui. Maecenas tristique, est et tempus semper, est quam pharetra magna, ac consequat metus sapien ut nunc. Vestibulum ante ipsum primis in faucibus orci luctus et ultrices posuere cubilia Curae; Mauris viverra diam vitae quam. Suspendisse potenti. Nullam porttitor lacus at turpis. Donec posuere metus vitae ipsum. Aliquam non mauris. Morbi non lectus. Aliquam sit amet diam in magna bibendum imperdiet. Nullam orci pede, venenatis non, sodales sed, tincidunt eu, felis. Fusce posuere felis sed lacus. Morbi sem mauris, laoreet ut, rhoncus aliquet, pulvinar sed, nisl. Nunc rhoncus dui vel sem. Sed sagittis. Nam congue, risus semper porta volutpat, quam pede lobortis ligula, sit amet eleifend pede libero quis orci. Nullam molestie nibh in lectus. Pellentesque at nulla. Suspendisse potenti. Cras in purus eu magna vulputate luctus. Cum sociis natoque penatibus et magnis dis parturient montes, nascetur ridiculus mus. Vivamus vestibulum sagittis sapien. Cum sociis natoque penatibus et magnis dis parturient montes, nascetur ridiculus mus. Etiam vel augue. Vestibulum rutrum rutrum neque. Aenean auctor gravida sem.', '[{},{},{}]', '2020-08-04 18:11:53', '2020-02-26 18:56:48');
insert into posts (id, user_id, body, metadata, created_at, updated_at) values (11, 99, 'Praesent blandit lacinia erat. Vestibulum sed magna at nunc commodo placerat. Praesent blandit. Nam nulla. Integer pede justo, lacinia eget, tincidunt eget, tempus vel, pede. Morbi porttitor lorem id ligula. Suspendisse ornare consequat lectus. In est risus, auctor sed, tristique in, tempus sit amet, sem. Fusce consequat. Nulla nisl. Nunc nisl. Duis bibendum, felis sed interdum venenatis, turpis enim blandit mi, in porttitor pede justo eu massa. Donec dapibus. Duis at velit eu est congue elementum. In hac habitasse platea dictumst. Morbi vestibulum, velit id pretium iaculis, diam erat fermentum justo, nec condimentum neque sapien placerat ante. Nulla justo. Aliquam quis turpis eget elit sodales scelerisque. Mauris sit amet eros. Suspendisse accumsan tortor quis turpis. Sed ante. Vivamus tortor. Duis mattis egestas metus.', '[{},{}]', '2020-07-28 23:56:52', '2020-03-24 00:55:56');
insert into posts (id, user_id, body, metadata, created_at, updated_at) values (12, 72, 'Cum sociis natoque penatibus et magnis dis parturient montes, nascetur ridiculus mus. Etiam vel augue. Vestibulum rutrum rutrum neque. Aenean auctor gravida sem. Praesent id massa id nisl venenatis lacinia. Aenean sit amet justo. Morbi ut odio. Cras mi pede, malesuada in, imperdiet et, commodo vulputate, justo. In blandit ultrices enim. Lorem ipsum dolor sit amet, consectetuer adipiscing elit. Proin interdum mauris non ligula pellentesque ultrices. Phasellus id sapien in sapien iaculis congue. Vivamus metus arcu, adipiscing molestie, hendrerit at, vulputate vitae, nisl. Aenean lectus.', '[{}]', '2020-08-18 04:19:14', '2020-09-15 00:06:43');
insert into posts (id, user_id, body, metadata, created_at, updated_at) values (13, 93, 'Maecenas leo odio, condimentum id, luctus nec, molestie sed, justo. Pellentesque viverra pede ac diam. Cras pellentesque volutpat dui. Maecenas tristique, est et tempus semper, est quam pharetra magna, ac consequat metus sapien ut nunc. Vestibulum ante ipsum primis in faucibus orci luctus et ultrices posuere cubilia Curae; Mauris viverra diam vitae quam. Suspendisse potenti. Nullam porttitor lacus at turpis. Donec posuere metus vitae ipsum. Aliquam non mauris. Morbi non lectus. Aliquam sit amet diam in magna bibendum imperdiet. Nullam orci pede, venenatis non, sodales sed, tincidunt eu, felis.', '[{},{},{},{},{}]', '2020-07-08 05:23:30', '2020-02-26 08:28:13');
insert into posts (id, user_id, body, metadata, created_at, updated_at) values (14, 91, 'Aliquam non mauris. Morbi non lectus. Aliquam sit amet diam in magna bibendum imperdiet. Nullam orci pede, venenatis non, sodales sed, tincidunt eu, felis. Fusce posuere felis sed lacus. Morbi sem mauris, laoreet ut, rhoncus aliquet, pulvinar sed, nisl. Nunc rhoncus dui vel sem. Sed sagittis. Nam congue, risus semper porta volutpat, quam pede lobortis ligula, sit amet eleifend pede libero quis orci. Nullam molestie nibh in lectus. Pellentesque at nulla. Suspendisse potenti. Cras in purus eu magna vulputate luctus. Cum sociis natoque penatibus et magnis dis parturient montes, nascetur ridiculus mus. Vivamus vestibulum sagittis sapien. Cum sociis natoque penatibus et magnis dis parturient montes, nascetur ridiculus mus. Etiam vel augue. Vestibulum rutrum rutrum neque. Aenean auctor gravida sem. Praesent id massa id nisl venenatis lacinia. Aenean sit amet justo. Morbi ut odio. Cras mi pede, malesuada in, imperdiet et, commodo vulputate, justo. In blandit ultrices enim. Lorem ipsum dolor sit amet, consectetuer adipiscing elit. Proin interdum mauris non ligula pellentesque ultrices. Phasellus id sapien in sapien iaculis congue. Vivamus metus arcu, adipiscing molestie, hendrerit at, vulputate vitae, nisl. Aenean lectus.', '[{},{},{},{},{}]', '2020-03-18 02:22:43', '2020-05-13 00:06:29');
insert into posts (id, user_id, body, metadata, created_at, updated_at) values (15, 18, 'In hac habitasse platea dictumst. Maecenas ut massa quis augue luctus tincidunt. Nulla mollis molestie lorem. Quisque ut erat. Curabitur gravida nisi at nibh. In hac habitasse platea dictumst. Aliquam augue quam, sollicitudin vitae, consectetuer eget, rutrum at, lorem. Integer tincidunt ante vel ipsum. Praesent blandit lacinia erat. Vestibulum sed magna at nunc commodo placerat. Praesent blandit.', '[{},{}]', '2020-04-19 11:17:50', '2020-04-11 22:44:30');
insert into posts (id, user_id, body, metadata, created_at, updated_at) values (16, 74, 'Nulla neque libero, convallis eget, eleifend luctus, ultricies eu, nibh. Quisque id justo sit amet sapien dignissim vestibulum. Vestibulum ante ipsum primis in faucibus orci luctus et ultrices posuere cubilia Curae; Nulla dapibus dolor vel est. Donec odio justo, sollicitudin ut, suscipit a, feugiat et, eros. Vestibulum ac est lacinia nisi venenatis tristique. Fusce congue, diam id ornare imperdiet, sapien urna pretium nisl, ut volutpat sapien arcu sed augue. Aliquam erat volutpat. In congue. Etiam justo. Etiam pretium iaculis justo. In hac habitasse platea dictumst. Etiam faucibus cursus urna. Ut tellus. Nulla ut erat id mauris vulputate elementum. Nullam varius. Nulla facilisi.', '[{},{},{},{},{}]', '2020-02-18 15:49:31', '2020-07-31 03:20:16');
insert into posts (id, user_id, body, metadata, created_at, updated_at) values (17, 69, 'Nulla ut erat id mauris vulputate elementum. Nullam varius. Nulla facilisi. Cras non velit nec nisi vulputate nonummy. Maecenas tincidunt lacus at velit. Vivamus vel nulla eget eros elementum pellentesque. Quisque porta volutpat erat. Quisque erat eros, viverra eget, congue eget, semper rutrum, nulla.', '[{}]', '2020-04-10 21:29:02', '2020-02-13 14:31:56');
insert into posts (id, user_id, body, metadata, created_at, updated_at) values (18, 77, 'Mauris enim leo, rhoncus sed, vestibulum sit amet, cursus id, turpis. Integer aliquet, massa id lobortis convallis, tortor risus dapibus augue, vel accumsan tellus nisi eu orci. Mauris lacinia sapien quis libero. Nullam sit amet turpis elementum ligula vehicula consequat. Morbi a ipsum. Integer a nibh. In quis justo. Maecenas rhoncus aliquam lacus. Morbi quis tortor id nulla ultrices aliquet. Maecenas leo odio, condimentum id, luctus nec, molestie sed, justo. Pellentesque viverra pede ac diam. Cras pellentesque volutpat dui. Maecenas tristique, est et tempus semper, est quam pharetra magna, ac consequat metus sapien ut nunc. Vestibulum ante ipsum primis in faucibus orci luctus et ultrices posuere cubilia Curae; Mauris viverra diam vitae quam. Suspendisse potenti. Nullam porttitor lacus at turpis. Donec posuere metus vitae ipsum. Aliquam non mauris.', '[{},{},{},{}]', '2020-06-26 16:38:06', '2020-04-18 09:44:29');
insert into posts (id, user_id, body, metadata, created_at, updated_at) values (19, 64, 'Nulla tempus. Vivamus in felis eu sapien cursus vestibulum. Proin eu mi. Nulla ac enim. In tempor, turpis nec euismod scelerisque, quam turpis adipiscing lorem, vitae mattis nibh ligula nec sem. Duis aliquam convallis nunc. Proin at turpis a pede posuere nonummy. Integer non velit. Donec diam neque, vestibulum eget, vulputate ut, ultrices vel, augue. Vestibulum ante ipsum primis in faucibus orci luctus et ultrices posuere cubilia Curae; Donec pharetra, magna vestibulum aliquet ultrices, erat tortor sollicitudin mi, sit amet lobortis sapien sapien non mi. Integer ac neque. Duis bibendum. Morbi non quam nec dui luctus rutrum. Nulla tellus. In sagittis dui vel nisl. Duis ac nibh. Fusce lacus purus, aliquet at, feugiat non, pretium quis, lectus. Suspendisse potenti. In eleifend quam a odio. In hac habitasse platea dictumst. Maecenas ut massa quis augue luctus tincidunt. Nulla mollis molestie lorem. Quisque ut erat. Curabitur gravida nisi at nibh. In hac habitasse platea dictumst. Aliquam augue quam, sollicitudin vitae, consectetuer eget, rutrum at, lorem. Integer tincidunt ante vel ipsum. Praesent blandit lacinia erat. Vestibulum sed magna at nunc commodo placerat. Praesent blandit.', '[{},{}]', '2020-01-04 18:39:04', '2020-05-05 21:29:11');
insert into posts (id, user_id, body, metadata, created_at, updated_at) values (20, 51, 'Nam nulla. Integer pede justo, lacinia eget, tincidunt eget, tempus vel, pede. Morbi porttitor lorem id ligula. Suspendisse ornare consequat lectus. In est risus, auctor sed, tristique in, tempus sit amet, sem. Fusce consequat. Nulla nisl. Nunc nisl. Duis bibendum, felis sed interdum venenatis, turpis enim blandit mi, in porttitor pede justo eu massa. Donec dapibus. Duis at velit eu est congue elementum. In hac habitasse platea dictumst. Morbi vestibulum, velit id pretium iaculis, diam erat fermentum justo, nec condimentum neque sapien placerat ante. Nulla justo. Aliquam quis turpis eget elit sodales scelerisque. Mauris sit amet eros. Suspendisse accumsan tortor quis turpis. Sed ante. Vivamus tortor. Duis mattis egestas metus. Aenean fermentum. Donec ut mauris eget massa tempor convallis. Nulla neque libero, convallis eget, eleifend luctus, ultricies eu, nibh. Quisque id justo sit amet sapien dignissim vestibulum. Vestibulum ante ipsum primis in faucibus orci luctus et ultrices posuere cubilia Curae; Nulla dapibus dolor vel est. Donec odio justo, sollicitudin ut, suscipit a, feugiat et, eros. Vestibulum ac est lacinia nisi venenatis tristique. Fusce congue, diam id ornare imperdiet, sapien urna pretium nisl, ut volutpat sapien arcu sed augue.', '[{},{},{}]', '2020-03-03 05:03:25', '2020-08-28 19:52:49');
insert into posts (id, user_id, body, metadata, created_at, updated_at) values (21, 59, 'Vivamus in felis eu sapien cursus vestibulum. Proin eu mi. Nulla ac enim. In tempor, turpis nec euismod scelerisque, quam turpis adipiscing lorem, vitae mattis nibh ligula nec sem. Duis aliquam convallis nunc.', '[{},{},{},{},{}]', '2020-08-29 17:40:57', '2020-01-16 08:55:55');
insert into posts (id, user_id, body, metadata, created_at, updated_at) values (22, 74, 'Suspendisse ornare consequat lectus. In est risus, auctor sed, tristique in, tempus sit amet, sem. Fusce consequat. Nulla nisl. Nunc nisl. Duis bibendum, felis sed interdum venenatis, turpis enim blandit mi, in porttitor pede justo eu massa. Donec dapibus. Duis at velit eu est congue elementum. In hac habitasse platea dictumst. Morbi vestibulum, velit id pretium iaculis, diam erat fermentum justo, nec condimentum neque sapien placerat ante. Nulla justo. Aliquam quis turpis eget elit sodales scelerisque. Mauris sit amet eros. Suspendisse accumsan tortor quis turpis. Sed ante. Vivamus tortor. Duis mattis egestas metus.', '[{},{},{}]', '2020-01-23 13:35:28', '2020-06-01 21:32:54');
insert into posts (id, user_id, body, metadata, created_at, updated_at) values (23, 18, 'Donec posuere metus vitae ipsum. Aliquam non mauris. Morbi non lectus. Aliquam sit amet diam in magna bibendum imperdiet. Nullam orci pede, venenatis non, sodales sed, tincidunt eu, felis. Fusce posuere felis sed lacus. Morbi sem mauris, laoreet ut, rhoncus aliquet, pulvinar sed, nisl. Nunc rhoncus dui vel sem. Sed sagittis. Nam congue, risus semper porta volutpat, quam pede lobortis ligula, sit amet eleifend pede libero quis orci. Nullam molestie nibh in lectus. Pellentesque at nulla.', '[{},{},{},{},{}]', '2020-06-28 22:30:35', '2020-05-08 06:24:21');
insert into posts (id, user_id, body, metadata, created_at, updated_at) values (24, 61, 'Aliquam quis turpis eget elit sodales scelerisque. Mauris sit amet eros. Suspendisse accumsan tortor quis turpis. Sed ante. Vivamus tortor. Duis mattis egestas metus. Aenean fermentum. Donec ut mauris eget massa tempor convallis. Nulla neque libero, convallis eget, eleifend luctus, ultricies eu, nibh. Quisque id justo sit amet sapien dignissim vestibulum. Vestibulum ante ipsum primis in faucibus orci luctus et ultrices posuere cubilia Curae; Nulla dapibus dolor vel est. Donec odio justo, sollicitudin ut, suscipit a, feugiat et, eros. Vestibulum ac est lacinia nisi venenatis tristique.', '[{},{},{}]', '2020-04-16 12:26:44', '2020-03-13 02:30:04');
insert into posts (id, user_id, body, metadata, created_at, updated_at) values (25, 91, 'Vestibulum ante ipsum primis in faucibus orci luctus et ultrices posuere cubilia Curae; Mauris viverra diam vitae quam. Suspendisse potenti. Nullam porttitor lacus at turpis. Donec posuere metus vitae ipsum. Aliquam non mauris. Morbi non lectus. Aliquam sit amet diam in magna bibendum imperdiet. Nullam orci pede, venenatis non, sodales sed, tincidunt eu, felis. Fusce posuere felis sed lacus. Morbi sem mauris, laoreet ut, rhoncus aliquet, pulvinar sed, nisl. Nunc rhoncus dui vel sem. Sed sagittis. Nam congue, risus semper porta volutpat, quam pede lobortis ligula, sit amet eleifend pede libero quis orci. Nullam molestie nibh in lectus. Pellentesque at nulla. Suspendisse potenti. Cras in purus eu magna vulputate luctus. Cum sociis natoque penatibus et magnis dis parturient montes, nascetur ridiculus mus. Vivamus vestibulum sagittis sapien. Cum sociis natoque penatibus et magnis dis parturient montes, nascetur ridiculus mus. Etiam vel augue. Vestibulum rutrum rutrum neque.', '[{}]', '2020-05-23 23:25:20', '2020-07-02 07:58:06');
insert into posts (id, user_id, body, metadata, created_at, updated_at) values (26, 24, 'Donec diam neque, vestibulum eget, vulputate ut, ultrices vel, augue. Vestibulum ante ipsum primis in faucibus orci luctus et ultrices posuere cubilia Curae; Donec pharetra, magna vestibulum aliquet ultrices, erat tortor sollicitudin mi, sit amet lobortis sapien sapien non mi. Integer ac neque. Duis bibendum. Morbi non quam nec dui luctus rutrum. Nulla tellus. In sagittis dui vel nisl. Duis ac nibh. Fusce lacus purus, aliquet at, feugiat non, pretium quis, lectus. Suspendisse potenti. In eleifend quam a odio. In hac habitasse platea dictumst. Maecenas ut massa quis augue luctus tincidunt. Nulla mollis molestie lorem. Quisque ut erat. Curabitur gravida nisi at nibh. In hac habitasse platea dictumst. Aliquam augue quam, sollicitudin vitae, consectetuer eget, rutrum at, lorem. Integer tincidunt ante vel ipsum. Praesent blandit lacinia erat. Vestibulum sed magna at nunc commodo placerat. Praesent blandit. Nam nulla.', '[{},{}]', '2020-05-09 05:06:23', '2020-02-28 16:23:20');
insert into posts (id, user_id, body, metadata, created_at, updated_at) values (27, 94, 'Aliquam sit amet diam in magna bibendum imperdiet. Nullam orci pede, venenatis non, sodales sed, tincidunt eu, felis. Fusce posuere felis sed lacus. Morbi sem mauris, laoreet ut, rhoncus aliquet, pulvinar sed, nisl. Nunc rhoncus dui vel sem. Sed sagittis. Nam congue, risus semper porta volutpat, quam pede lobortis ligula, sit amet eleifend pede libero quis orci. Nullam molestie nibh in lectus. Pellentesque at nulla. Suspendisse potenti. Cras in purus eu magna vulputate luctus. Cum sociis natoque penatibus et magnis dis parturient montes, nascetur ridiculus mus. Vivamus vestibulum sagittis sapien. Cum sociis natoque penatibus et magnis dis parturient montes, nascetur ridiculus mus. Etiam vel augue. Vestibulum rutrum rutrum neque. Aenean auctor gravida sem. Praesent id massa id nisl venenatis lacinia. Aenean sit amet justo. Morbi ut odio. Cras mi pede, malesuada in, imperdiet et, commodo vulputate, justo. In blandit ultrices enim.', '[{},{},{},{},{}]', '2020-05-25 20:10:50', '2020-02-04 02:03:54');
insert into posts (id, user_id, body, metadata, created_at, updated_at) values (28, 100, 'Donec quis orci eget orci vehicula condimentum. Curabitur in libero ut massa volutpat convallis. Morbi odio odio, elementum eu, interdum eu, tincidunt in, leo. Maecenas pulvinar lobortis est. Phasellus sit amet erat. Nulla tempus. Vivamus in felis eu sapien cursus vestibulum. Proin eu mi. Nulla ac enim.', '[{},{}]', '2020-08-22 08:12:08', '2020-04-22 19:32:31');
insert into posts (id, user_id, body, metadata, created_at, updated_at) values (29, 2, 'Suspendisse potenti. Cras in purus eu magna vulputate luctus. Cum sociis natoque penatibus et magnis dis parturient montes, nascetur ridiculus mus. Vivamus vestibulum sagittis sapien. Cum sociis natoque penatibus et magnis dis parturient montes, nascetur ridiculus mus. Etiam vel augue. Vestibulum rutrum rutrum neque. Aenean auctor gravida sem. Praesent id massa id nisl venenatis lacinia. Aenean sit amet justo. Morbi ut odio.', '[{},{}]', '2020-01-14 16:45:41', '2020-07-21 13:58:01');
insert into posts (id, user_id, body, metadata, created_at, updated_at) values (30, 37, 'Nullam sit amet turpis elementum ligula vehicula consequat. Morbi a ipsum. Integer a nibh. In quis justo. Maecenas rhoncus aliquam lacus. Morbi quis tortor id nulla ultrices aliquet. Maecenas leo odio, condimentum id, luctus nec, molestie sed, justo. Pellentesque viverra pede ac diam. Cras pellentesque volutpat dui. Maecenas tristique, est et tempus semper, est quam pharetra magna, ac consequat metus sapien ut nunc. Vestibulum ante ipsum primis in faucibus orci luctus et ultrices posuere cubilia Curae; Mauris viverra diam vitae quam. Suspendisse potenti. Nullam porttitor lacus at turpis. Donec posuere metus vitae ipsum. Aliquam non mauris. Morbi non lectus. Aliquam sit amet diam in magna bibendum imperdiet. Nullam orci pede, venenatis non, sodales sed, tincidunt eu, felis. Fusce posuere felis sed lacus. Morbi sem mauris, laoreet ut, rhoncus aliquet, pulvinar sed, nisl. Nunc rhoncus dui vel sem. Sed sagittis. Nam congue, risus semper porta volutpat, quam pede lobortis ligula, sit amet eleifend pede libero quis orci. Nullam molestie nibh in lectus. Pellentesque at nulla. Suspendisse potenti.', '[{},{},{},{}]', '2020-06-19 08:32:20', '2020-03-15 05:47:54');
insert into posts (id, user_id, body, metadata, created_at, updated_at) values (31, 81, 'Fusce congue, diam id ornare imperdiet, sapien urna pretium nisl, ut volutpat sapien arcu sed augue. Aliquam erat volutpat. In congue. Etiam justo. Etiam pretium iaculis justo. In hac habitasse platea dictumst. Etiam faucibus cursus urna. Ut tellus. Nulla ut erat id mauris vulputate elementum. Nullam varius. Nulla facilisi. Cras non velit nec nisi vulputate nonummy. Maecenas tincidunt lacus at velit. Vivamus vel nulla eget eros elementum pellentesque. Quisque porta volutpat erat. Quisque erat eros, viverra eget, congue eget, semper rutrum, nulla. Nunc purus. Phasellus in felis. Donec semper sapien a libero. Nam dui. Proin leo odio, porttitor id, consequat in, consequat ut, nulla. Sed accumsan felis. Ut at dolor quis odio consequat varius. Integer ac leo.', '[{},{}]', '2020-08-02 09:56:58', '2020-05-31 15:53:50');
insert into posts (id, user_id, body, metadata, created_at, updated_at) values (32, 75, 'Donec ut dolor. Morbi vel lectus in quam fringilla rhoncus. Mauris enim leo, rhoncus sed, vestibulum sit amet, cursus id, turpis. Integer aliquet, massa id lobortis convallis, tortor risus dapibus augue, vel accumsan tellus nisi eu orci. Mauris lacinia sapien quis libero. Nullam sit amet turpis elementum ligula vehicula consequat. Morbi a ipsum. Integer a nibh. In quis justo.', '[{},{}]', '2020-07-22 12:28:42', '2020-04-04 05:26:03');
insert into posts (id, user_id, body, metadata, created_at, updated_at) values (33, 45, 'Vestibulum sed magna at nunc commodo placerat. Praesent blandit. Nam nulla. Integer pede justo, lacinia eget, tincidunt eget, tempus vel, pede. Morbi porttitor lorem id ligula. Suspendisse ornare consequat lectus. In est risus, auctor sed, tristique in, tempus sit amet, sem. Fusce consequat. Nulla nisl. Nunc nisl. Duis bibendum, felis sed interdum venenatis, turpis enim blandit mi, in porttitor pede justo eu massa. Donec dapibus. Duis at velit eu est congue elementum. In hac habitasse platea dictumst. Morbi vestibulum, velit id pretium iaculis, diam erat fermentum justo, nec condimentum neque sapien placerat ante. Nulla justo. Aliquam quis turpis eget elit sodales scelerisque.', '[{},{}]', '2020-03-18 15:46:48', '2020-06-01 18:08:33');
insert into posts (id, user_id, body, metadata, created_at, updated_at) values (34, 8, 'Morbi non quam nec dui luctus rutrum. Nulla tellus. In sagittis dui vel nisl. Duis ac nibh. Fusce lacus purus, aliquet at, feugiat non, pretium quis, lectus. Suspendisse potenti. In eleifend quam a odio. In hac habitasse platea dictumst. Maecenas ut massa quis augue luctus tincidunt. Nulla mollis molestie lorem. Quisque ut erat. Curabitur gravida nisi at nibh. In hac habitasse platea dictumst. Aliquam augue quam, sollicitudin vitae, consectetuer eget, rutrum at, lorem. Integer tincidunt ante vel ipsum. Praesent blandit lacinia erat. Vestibulum sed magna at nunc commodo placerat. Praesent blandit. Nam nulla. Integer pede justo, lacinia eget, tincidunt eget, tempus vel, pede. Morbi porttitor lorem id ligula. Suspendisse ornare consequat lectus. In est risus, auctor sed, tristique in, tempus sit amet, sem. Fusce consequat. Nulla nisl.', '[{},{},{},{},{}]', '2020-05-08 11:55:39', '2020-08-28 23:59:35');
insert into posts (id, user_id, body, metadata, created_at, updated_at) values (35, 13, 'In congue. Etiam justo. Etiam pretium iaculis justo. In hac habitasse platea dictumst. Etiam faucibus cursus urna. Ut tellus. Nulla ut erat id mauris vulputate elementum.', '[{},{}]', '2020-07-15 03:39:28', '2020-05-13 18:26:19');
insert into posts (id, user_id, body, metadata, created_at, updated_at) values (36, 28, 'Vestibulum ac est lacinia nisi venenatis tristique. Fusce congue, diam id ornare imperdiet, sapien urna pretium nisl, ut volutpat sapien arcu sed augue. Aliquam erat volutpat. In congue. Etiam justo. Etiam pretium iaculis justo. In hac habitasse platea dictumst. Etiam faucibus cursus urna. Ut tellus. Nulla ut erat id mauris vulputate elementum. Nullam varius. Nulla facilisi. Cras non velit nec nisi vulputate nonummy. Maecenas tincidunt lacus at velit. Vivamus vel nulla eget eros elementum pellentesque. Quisque porta volutpat erat. Quisque erat eros, viverra eget, congue eget, semper rutrum, nulla. Nunc purus. Phasellus in felis. Donec semper sapien a libero.', '[{},{},{},{}]', '2020-05-28 10:01:46', '2020-04-30 09:48:03');
insert into posts (id, user_id, body, metadata, created_at, updated_at) values (37, 40, 'Proin at turpis a pede posuere nonummy. Integer non velit. Donec diam neque, vestibulum eget, vulputate ut, ultrices vel, augue. Vestibulum ante ipsum primis in faucibus orci luctus et ultrices posuere cubilia Curae; Donec pharetra, magna vestibulum aliquet ultrices, erat tortor sollicitudin mi, sit amet lobortis sapien sapien non mi. Integer ac neque. Duis bibendum. Morbi non quam nec dui luctus rutrum. Nulla tellus. In sagittis dui vel nisl. Duis ac nibh. Fusce lacus purus, aliquet at, feugiat non, pretium quis, lectus. Suspendisse potenti. In eleifend quam a odio.', '[{},{},{}]', '2020-03-20 22:12:25', '2020-06-07 20:11:31');
insert into posts (id, user_id, body, metadata, created_at, updated_at) values (38, 87, 'Aliquam quis turpis eget elit sodales scelerisque. Mauris sit amet eros. Suspendisse accumsan tortor quis turpis. Sed ante. Vivamus tortor. Duis mattis egestas metus. Aenean fermentum. Donec ut mauris eget massa tempor convallis. Nulla neque libero, convallis eget, eleifend luctus, ultricies eu, nibh. Quisque id justo sit amet sapien dignissim vestibulum. Vestibulum ante ipsum primis in faucibus orci luctus et ultrices posuere cubilia Curae; Nulla dapibus dolor vel est. Donec odio justo, sollicitudin ut, suscipit a, feugiat et, eros. Vestibulum ac est lacinia nisi venenatis tristique. Fusce congue, diam id ornare imperdiet, sapien urna pretium nisl, ut volutpat sapien arcu sed augue. Aliquam erat volutpat. In congue. Etiam justo. Etiam pretium iaculis justo. In hac habitasse platea dictumst. Etiam faucibus cursus urna. Ut tellus. Nulla ut erat id mauris vulputate elementum.', '[{},{},{},{}]', '2020-02-08 06:42:28', '2020-05-14 21:02:18');
insert into posts (id, user_id, body, metadata, created_at, updated_at) values (39, 69, 'Morbi odio odio, elementum eu, interdum eu, tincidunt in, leo. Maecenas pulvinar lobortis est. Phasellus sit amet erat. Nulla tempus. Vivamus in felis eu sapien cursus vestibulum. Proin eu mi. Nulla ac enim. In tempor, turpis nec euismod scelerisque, quam turpis adipiscing lorem, vitae mattis nibh ligula nec sem. Duis aliquam convallis nunc. Proin at turpis a pede posuere nonummy. Integer non velit. Donec diam neque, vestibulum eget, vulputate ut, ultrices vel, augue. Vestibulum ante ipsum primis in faucibus orci luctus et ultrices posuere cubilia Curae; Donec pharetra, magna vestibulum aliquet ultrices, erat tortor sollicitudin mi, sit amet lobortis sapien sapien non mi. Integer ac neque. Duis bibendum. Morbi non quam nec dui luctus rutrum. Nulla tellus. In sagittis dui vel nisl. Duis ac nibh.', '[{},{},{},{},{}]', '2020-05-30 08:15:11', '2020-02-26 15:36:05');
insert into posts (id, user_id, body, metadata, created_at, updated_at) values (40, 22, 'Suspendisse accumsan tortor quis turpis. Sed ante. Vivamus tortor. Duis mattis egestas metus. Aenean fermentum. Donec ut mauris eget massa tempor convallis. Nulla neque libero, convallis eget, eleifend luctus, ultricies eu, nibh. Quisque id justo sit amet sapien dignissim vestibulum. Vestibulum ante ipsum primis in faucibus orci luctus et ultrices posuere cubilia Curae; Nulla dapibus dolor vel est. Donec odio justo, sollicitudin ut, suscipit a, feugiat et, eros. Vestibulum ac est lacinia nisi venenatis tristique. Fusce congue, diam id ornare imperdiet, sapien urna pretium nisl, ut volutpat sapien arcu sed augue. Aliquam erat volutpat. In congue. Etiam justo. Etiam pretium iaculis justo. In hac habitasse platea dictumst. Etiam faucibus cursus urna. Ut tellus. Nulla ut erat id mauris vulputate elementum. Nullam varius. Nulla facilisi.', '[{},{},{}]', '2020-09-23 08:19:25', '2020-02-24 03:31:03');
insert into posts (id, user_id, body, metadata, created_at, updated_at) values (41, 98, 'Vivamus in felis eu sapien cursus vestibulum. Proin eu mi. Nulla ac enim. In tempor, turpis nec euismod scelerisque, quam turpis adipiscing lorem, vitae mattis nibh ligula nec sem. Duis aliquam convallis nunc.', '[{},{},{},{}]', '2020-05-15 23:57:00', '2020-05-02 12:16:06');
insert into posts (id, user_id, body, metadata, created_at, updated_at) values (42, 100, 'In hac habitasse platea dictumst. Aliquam augue quam, sollicitudin vitae, consectetuer eget, rutrum at, lorem. Integer tincidunt ante vel ipsum. Praesent blandit lacinia erat. Vestibulum sed magna at nunc commodo placerat. Praesent blandit. Nam nulla. Integer pede justo, lacinia eget, tincidunt eget, tempus vel, pede. Morbi porttitor lorem id ligula. Suspendisse ornare consequat lectus. In est risus, auctor sed, tristique in, tempus sit amet, sem. Fusce consequat. Nulla nisl.', '[{},{},{},{}]', '2020-01-29 01:30:42', '2020-06-22 15:09:27');
insert into posts (id, user_id, body, metadata, created_at, updated_at) values (43, 77, 'Duis bibendum, felis sed interdum venenatis, turpis enim blandit mi, in porttitor pede justo eu massa. Donec dapibus. Duis at velit eu est congue elementum. In hac habitasse platea dictumst. Morbi vestibulum, velit id pretium iaculis, diam erat fermentum justo, nec condimentum neque sapien placerat ante. Nulla justo. Aliquam quis turpis eget elit sodales scelerisque. Mauris sit amet eros. Suspendisse accumsan tortor quis turpis. Sed ante. Vivamus tortor. Duis mattis egestas metus. Aenean fermentum. Donec ut mauris eget massa tempor convallis. Nulla neque libero, convallis eget, eleifend luctus, ultricies eu, nibh. Quisque id justo sit amet sapien dignissim vestibulum. Vestibulum ante ipsum primis in faucibus orci luctus et ultrices posuere cubilia Curae; Nulla dapibus dolor vel est. Donec odio justo, sollicitudin ut, suscipit a, feugiat et, eros.', '[{},{},{}]', '2020-07-25 19:52:57', '2020-09-18 15:55:59');
insert into posts (id, user_id, body, metadata, created_at, updated_at) values (44, 62, 'Fusce lacus purus, aliquet at, feugiat non, pretium quis, lectus. Suspendisse potenti. In eleifend quam a odio. In hac habitasse platea dictumst. Maecenas ut massa quis augue luctus tincidunt. Nulla mollis molestie lorem. Quisque ut erat. Curabitur gravida nisi at nibh. In hac habitasse platea dictumst. Aliquam augue quam, sollicitudin vitae, consectetuer eget, rutrum at, lorem.', '[{},{}]', '2020-08-04 10:39:53', '2020-06-27 03:31:01');
insert into posts (id, user_id, body, metadata, created_at, updated_at) values (45, 75, 'Ut at dolor quis odio consequat varius. Integer ac leo. Pellentesque ultrices mattis odio. Donec vitae nisi. Nam ultrices, libero non mattis pulvinar, nulla pede ullamcorper augue, a suscipit nulla elit ac nulla. Sed vel enim sit amet nunc viverra dapibus. Nulla suscipit ligula in lacus. Curabitur at ipsum ac tellus semper interdum.', '[{},{},{},{},{}]', '2020-04-12 05:48:19', '2020-08-27 17:38:50');
insert into posts (id, user_id, body, metadata, created_at, updated_at) values (46, 90, 'Quisque erat eros, viverra eget, congue eget, semper rutrum, nulla. Nunc purus. Phasellus in felis. Donec semper sapien a libero. Nam dui. Proin leo odio, porttitor id, consequat in, consequat ut, nulla. Sed accumsan felis. Ut at dolor quis odio consequat varius. Integer ac leo. Pellentesque ultrices mattis odio. Donec vitae nisi. Nam ultrices, libero non mattis pulvinar, nulla pede ullamcorper augue, a suscipit nulla elit ac nulla. Sed vel enim sit amet nunc viverra dapibus. Nulla suscipit ligula in lacus. Curabitur at ipsum ac tellus semper interdum.', '[{},{},{},{}]', '2020-02-06 21:02:18', '2020-03-25 22:17:36');
insert into posts (id, user_id, body, metadata, created_at, updated_at) values (47, 43, 'Suspendisse accumsan tortor quis turpis. Sed ante. Vivamus tortor. Duis mattis egestas metus. Aenean fermentum.', '[{},{}]', '2020-01-05 06:27:40', '2020-01-18 10:33:39');
insert into posts (id, user_id, body, metadata, created_at, updated_at) values (48, 97, 'In hac habitasse platea dictumst. Morbi vestibulum, velit id pretium iaculis, diam erat fermentum justo, nec condimentum neque sapien placerat ante. Nulla justo. Aliquam quis turpis eget elit sodales scelerisque. Mauris sit amet eros. Suspendisse accumsan tortor quis turpis. Sed ante. Vivamus tortor. Duis mattis egestas metus. Aenean fermentum. Donec ut mauris eget massa tempor convallis. Nulla neque libero, convallis eget, eleifend luctus, ultricies eu, nibh. Quisque id justo sit amet sapien dignissim vestibulum. Vestibulum ante ipsum primis in faucibus orci luctus et ultrices posuere cubilia Curae; Nulla dapibus dolor vel est. Donec odio justo, sollicitudin ut, suscipit a, feugiat et, eros. Vestibulum ac est lacinia nisi venenatis tristique. Fusce congue, diam id ornare imperdiet, sapien urna pretium nisl, ut volutpat sapien arcu sed augue. Aliquam erat volutpat. In congue. Etiam justo. Etiam pretium iaculis justo. In hac habitasse platea dictumst. Etiam faucibus cursus urna. Ut tellus. Nulla ut erat id mauris vulputate elementum. Nullam varius.', '[{},{}]', '2020-07-25 09:08:31', '2020-06-24 20:22:21');
insert into posts (id, user_id, body, metadata, created_at, updated_at) values (49, 24, 'Curabitur in libero ut massa volutpat convallis. Morbi odio odio, elementum eu, interdum eu, tincidunt in, leo. Maecenas pulvinar lobortis est. Phasellus sit amet erat. Nulla tempus. Vivamus in felis eu sapien cursus vestibulum. Proin eu mi. Nulla ac enim. In tempor, turpis nec euismod scelerisque, quam turpis adipiscing lorem, vitae mattis nibh ligula nec sem. Duis aliquam convallis nunc. Proin at turpis a pede posuere nonummy. Integer non velit. Donec diam neque, vestibulum eget, vulputate ut, ultrices vel, augue. Vestibulum ante ipsum primis in faucibus orci luctus et ultrices posuere cubilia Curae; Donec pharetra, magna vestibulum aliquet ultrices, erat tortor sollicitudin mi, sit amet lobortis sapien sapien non mi. Integer ac neque. Duis bibendum. Morbi non quam nec dui luctus rutrum. Nulla tellus. In sagittis dui vel nisl.', '[{},{},{},{},{}]', '2020-05-04 20:04:23', '2020-08-19 16:26:33');
insert into posts (id, user_id, body, metadata, created_at, updated_at) values (50, 98, 'Nam dui. Proin leo odio, porttitor id, consequat in, consequat ut, nulla. Sed accumsan felis. Ut at dolor quis odio consequat varius. Integer ac leo. Pellentesque ultrices mattis odio. Donec vitae nisi. Nam ultrices, libero non mattis pulvinar, nulla pede ullamcorper augue, a suscipit nulla elit ac nulla. Sed vel enim sit amet nunc viverra dapibus. Nulla suscipit ligula in lacus. Curabitur at ipsum ac tellus semper interdum. Mauris ullamcorper purus sit amet nulla. Quisque arcu libero, rutrum ac, lobortis vel, dapibus at, diam.', '[{},{},{},{}]', '2020-07-06 17:42:35', '2020-08-16 00:14:07');

insert into comments (id, user_id, post_id, body, created_at, updated_at) values (1, 61, 37, 'Phasellus in felis. Donec semper sapien a libero. Nam dui. Proin leo odio, porttitor id, consequat in, consequat ut, nulla. Sed accumsan felis. Ut at dolor quis odio consequat varius. Integer ac leo. Pellentesque ultrices mattis odio. Donec vitae nisi. Nam ultrices, libero non mattis pulvinar, nulla pede ullamcorper augue, a suscipit nulla elit ac nulla.', '2020-05-17 23:12:08', '2020-01-23 21:37:10');
insert into comments (id, user_id, post_id, body, created_at, updated_at) values (2, 81, 36, 'In quis justo. Maecenas rhoncus aliquam lacus. Morbi quis tortor id nulla ultrices aliquet. Maecenas leo odio, condimentum id, luctus nec, molestie sed, justo. Pellentesque viverra pede ac diam. Cras pellentesque volutpat dui. Maecenas tristique, est et tempus semper, est quam pharetra magna, ac consequat metus sapien ut nunc.', '2020-07-18 22:16:01', '2020-04-30 18:21:29');
insert into comments (id, user_id, post_id, body, created_at, updated_at) values (3, 55, 15, 'Integer tincidunt ante vel ipsum. Praesent blandit lacinia erat. Vestibulum sed magna at nunc commodo placerat. Praesent blandit. Nam nulla.', '2020-01-20 02:06:32', '2020-02-25 05:31:56');
insert into comments (id, user_id, post_id, body, created_at, updated_at) values (4, 28, 24, 'Cum sociis natoque penatibus et magnis dis parturient montes, nascetur ridiculus mus. Etiam vel augue. Vestibulum rutrum rutrum neque.', '2020-05-08 09:42:49', '2020-01-21 07:52:52');
insert into comments (id, user_id, post_id, body, created_at, updated_at) values (5, 49, 36, 'Maecenas leo odio, condimentum id, luctus nec, molestie sed, justo. Pellentesque viverra pede ac diam. Cras pellentesque volutpat dui. Maecenas tristique, est et tempus semper, est quam pharetra magna, ac consequat metus sapien ut nunc. Vestibulum ante ipsum primis in faucibus orci luctus et ultrices posuere cubilia Curae; Mauris viverra diam vitae quam. Suspendisse potenti. Nullam porttitor lacus at turpis. Donec posuere metus vitae ipsum. Aliquam non mauris. Morbi non lectus.', '2020-07-27 02:36:41', '2020-06-20 01:54:46');
insert into comments (id, user_id, post_id, body, created_at, updated_at) values (6, 36, 42, 'Vivamus vestibulum sagittis sapien. Cum sociis natoque penatibus et magnis dis parturient montes, nascetur ridiculus mus. Etiam vel augue. Vestibulum rutrum rutrum neque. Aenean auctor gravida sem. Praesent id massa id nisl venenatis lacinia. Aenean sit amet justo. Morbi ut odio.', '2020-07-14 06:40:42', '2020-06-21 14:29:10');
insert into comments (id, user_id, post_id, body, created_at, updated_at) values (7, 63, 36, 'Phasellus id sapien in sapien iaculis congue. Vivamus metus arcu, adipiscing molestie, hendrerit at, vulputate vitae, nisl. Aenean lectus. Pellentesque eget nunc. Donec quis orci eget orci vehicula condimentum.', '2020-03-17 02:20:51', '2020-01-10 04:54:41');
insert into comments (id, user_id, post_id, body, created_at, updated_at) values (8, 18, 21, 'Morbi vel lectus in quam fringilla rhoncus. Mauris enim leo, rhoncus sed, vestibulum sit amet, cursus id, turpis. Integer aliquet, massa id lobortis convallis, tortor risus dapibus augue, vel accumsan tellus nisi eu orci. Mauris lacinia sapien quis libero. Nullam sit amet turpis elementum ligula vehicula consequat. Morbi a ipsum. Integer a nibh. In quis justo. Maecenas rhoncus aliquam lacus. Morbi quis tortor id nulla ultrices aliquet. Maecenas leo odio, condimentum id, luctus nec, molestie sed, justo. Pellentesque viverra pede ac diam. Cras pellentesque volutpat dui. Maecenas tristique, est et tempus semper, est quam pharetra magna, ac consequat metus sapien ut nunc. Vestibulum ante ipsum primis in faucibus orci luctus et ultrices posuere cubilia Curae; Mauris viverra diam vitae quam.', '2020-08-23 08:35:05', '2020-08-31 15:58:59');
insert into comments (id, user_id, post_id, body, created_at, updated_at) values (9, 28, 3, 'Praesent lectus. Vestibulum quam sapien, varius ut, blandit non, interdum in, ante. Vestibulum ante ipsum primis in faucibus orci luctus et ultrices posuere cubilia Curae; Duis faucibus accumsan odio. Curabitur convallis. Duis consequat dui nec nisi volutpat eleifend. Donec ut dolor.', '2020-03-25 23:05:40', '2020-03-05 21:42:48');
insert into comments (id, user_id, post_id, body, created_at, updated_at) values (10, 88, 35, 'Curabitur convallis. Duis consequat dui nec nisi volutpat eleifend. Donec ut dolor.', '2020-01-09 15:44:51', '2020-07-12 08:17:38');
insert into comments (id, user_id, post_id, body, created_at, updated_at) values (11, 88, 50, 'Nullam porttitor lacus at turpis. Donec posuere metus vitae ipsum. Aliquam non mauris. Morbi non lectus. Aliquam sit amet diam in magna bibendum imperdiet. Nullam orci pede, venenatis non, sodales sed, tincidunt eu, felis. Fusce posuere felis sed lacus. Morbi sem mauris, laoreet ut, rhoncus aliquet, pulvinar sed, nisl. Nunc rhoncus dui vel sem.', '2020-08-03 20:57:40', '2020-04-22 22:53:33');
insert into comments (id, user_id, post_id, body, created_at, updated_at) values (12, 89, 37, 'Aliquam sit amet diam in magna bibendum imperdiet. Nullam orci pede, venenatis non, sodales sed, tincidunt eu, felis. Fusce posuere felis sed lacus. Morbi sem mauris, laoreet ut, rhoncus aliquet, pulvinar sed, nisl. Nunc rhoncus dui vel sem. Sed sagittis. Nam congue, risus semper porta volutpat, quam pede lobortis ligula, sit amet eleifend pede libero quis orci. Nullam molestie nibh in lectus. Pellentesque at nulla.', '2020-03-22 05:22:01', '2020-04-21 10:01:23');
insert into comments (id, user_id, post_id, body, created_at, updated_at) values (13, 22, 50, 'Lorem ipsum dolor sit amet, consectetuer adipiscing elit. Proin risus. Praesent lectus. Vestibulum quam sapien, varius ut, blandit non, interdum in, ante. Vestibulum ante ipsum primis in faucibus orci luctus et ultrices posuere cubilia Curae; Duis faucibus accumsan odio. Curabitur convallis. Duis consequat dui nec nisi volutpat eleifend.', '2020-02-24 08:23:48', '2020-09-11 09:00:30');
insert into comments (id, user_id, post_id, body, created_at, updated_at) values (14, 51, 45, 'Nunc purus. Phasellus in felis. Donec semper sapien a libero. Nam dui. Proin leo odio, porttitor id, consequat in, consequat ut, nulla. Sed accumsan felis.', '2020-08-07 06:34:27', '2020-01-19 15:20:20');
insert into comments (id, user_id, post_id, body, created_at, updated_at) values (15, 88, 6, 'In congue. Etiam justo. Etiam pretium iaculis justo.', '2020-06-01 07:07:15', '2020-01-20 06:32:12');
insert into comments (id, user_id, post_id, body, created_at, updated_at) values (16, 25, 9, 'Morbi ut odio. Cras mi pede, malesuada in, imperdiet et, commodo vulputate, justo. In blandit ultrices enim. Lorem ipsum dolor sit amet, consectetuer adipiscing elit. Proin interdum mauris non ligula pellentesque ultrices. Phasellus id sapien in sapien iaculis congue. Vivamus metus arcu, adipiscing molestie, hendrerit at, vulputate vitae, nisl. Aenean lectus.', '2020-02-25 19:02:47', '2020-07-05 12:09:51');
insert into comments (id, user_id, post_id, body, created_at, updated_at) values (17, 82, 25, 'Integer non velit. Donec diam neque, vestibulum eget, vulputate ut, ultrices vel, augue. Vestibulum ante ipsum primis in faucibus orci luctus et ultrices posuere cubilia Curae; Donec pharetra, magna vestibulum aliquet ultrices, erat tortor sollicitudin mi, sit amet lobortis sapien sapien non mi. Integer ac neque. Duis bibendum. Morbi non quam nec dui luctus rutrum. Nulla tellus. In sagittis dui vel nisl. Duis ac nibh. Fusce lacus purus, aliquet at, feugiat non, pretium quis, lectus. Suspendisse potenti. In eleifend quam a odio. In hac habitasse platea dictumst. Maecenas ut massa quis augue luctus tincidunt.', '2020-09-22 13:57:47', '2020-04-26 23:51:13');
insert into comments (id, user_id, post_id, body, created_at, updated_at) values (18, 54, 22, 'Morbi a ipsum. Integer a nibh. In quis justo. Maecenas rhoncus aliquam lacus. Morbi quis tortor id nulla ultrices aliquet.', '2020-01-04 22:16:42', '2020-04-21 16:28:01');
insert into comments (id, user_id, post_id, body, created_at, updated_at) values (19, 79, 15, 'Duis consequat dui nec nisi volutpat eleifend. Donec ut dolor. Morbi vel lectus in quam fringilla rhoncus. Mauris enim leo, rhoncus sed, vestibulum sit amet, cursus id, turpis. Integer aliquet, massa id lobortis convallis, tortor risus dapibus augue, vel accumsan tellus nisi eu orci. Mauris lacinia sapien quis libero. Nullam sit amet turpis elementum ligula vehicula consequat. Morbi a ipsum. Integer a nibh. In quis justo. Maecenas rhoncus aliquam lacus. Morbi quis tortor id nulla ultrices aliquet. Maecenas leo odio, condimentum id, luctus nec, molestie sed, justo. Pellentesque viverra pede ac diam. Cras pellentesque volutpat dui.', '2020-09-11 08:11:31', '2020-03-31 04:51:06');
insert into comments (id, user_id, post_id, body, created_at, updated_at) values (20, 69, 37, 'Maecenas pulvinar lobortis est. Phasellus sit amet erat. Nulla tempus. Vivamus in felis eu sapien cursus vestibulum. Proin eu mi. Nulla ac enim. In tempor, turpis nec euismod scelerisque, quam turpis adipiscing lorem, vitae mattis nibh ligula nec sem. Duis aliquam convallis nunc. Proin at turpis a pede posuere nonummy.', '2020-08-31 20:52:55', '2020-02-17 15:07:41');
insert into comments (id, user_id, post_id, body, created_at, updated_at) values (21, 90, 22, 'Morbi non quam nec dui luctus rutrum. Nulla tellus. In sagittis dui vel nisl. Duis ac nibh. Fusce lacus purus, aliquet at, feugiat non, pretium quis, lectus. Suspendisse potenti. In eleifend quam a odio. In hac habitasse platea dictumst. Maecenas ut massa quis augue luctus tincidunt. Nulla mollis molestie lorem.', '2020-01-08 05:03:07', '2020-09-20 09:57:24');
insert into comments (id, user_id, post_id, body, created_at, updated_at) values (22, 79, 16, 'Proin leo odio, porttitor id, consequat in, consequat ut, nulla. Sed accumsan felis. Ut at dolor quis odio consequat varius. Integer ac leo. Pellentesque ultrices mattis odio. Donec vitae nisi. Nam ultrices, libero non mattis pulvinar, nulla pede ullamcorper augue, a suscipit nulla elit ac nulla. Sed vel enim sit amet nunc viverra dapibus. Nulla suscipit ligula in lacus. Curabitur at ipsum ac tellus semper interdum. Mauris ullamcorper purus sit amet nulla. Quisque arcu libero, rutrum ac, lobortis vel, dapibus at, diam.', '2020-01-05 11:40:05', '2020-06-26 19:46:31');
insert into comments (id, user_id, post_id, body, created_at, updated_at) values (23, 51, 24, 'Cum sociis natoque penatibus et magnis dis parturient montes, nascetur ridiculus mus. Etiam vel augue. Vestibulum rutrum rutrum neque. Aenean auctor gravida sem. Praesent id massa id nisl venenatis lacinia.', '2020-09-13 17:49:54', '2020-01-02 15:58:07');
insert into comments (id, user_id, post_id, body, created_at, updated_at) values (24, 56, 21, 'Morbi vel lectus in quam fringilla rhoncus. Mauris enim leo, rhoncus sed, vestibulum sit amet, cursus id, turpis. Integer aliquet, massa id lobortis convallis, tortor risus dapibus augue, vel accumsan tellus nisi eu orci. Mauris lacinia sapien quis libero. Nullam sit amet turpis elementum ligula vehicula consequat. Morbi a ipsum. Integer a nibh. In quis justo. Maecenas rhoncus aliquam lacus. Morbi quis tortor id nulla ultrices aliquet. Maecenas leo odio, condimentum id, luctus nec, molestie sed, justo.', '2020-07-25 10:26:18', '2020-01-15 05:25:56');
insert into comments (id, user_id, post_id, body, created_at, updated_at) values (25, 1, 29, 'In sagittis dui vel nisl. Duis ac nibh. Fusce lacus purus, aliquet at, feugiat non, pretium quis, lectus. Suspendisse potenti. In eleifend quam a odio. In hac habitasse platea dictumst. Maecenas ut massa quis augue luctus tincidunt.', '2020-08-25 03:42:49', '2020-03-12 07:56:15');
insert into comments (id, user_id, post_id, body, created_at, updated_at) values (26, 28, 6, 'Nunc rhoncus dui vel sem. Sed sagittis. Nam congue, risus semper porta volutpat, quam pede lobortis ligula, sit amet eleifend pede libero quis orci. Nullam molestie nibh in lectus. Pellentesque at nulla. Suspendisse potenti.', '2020-07-01 19:22:01', '2020-09-06 08:03:58');
insert into comments (id, user_id, post_id, body, created_at, updated_at) values (27, 33, 31, 'Nunc rhoncus dui vel sem. Sed sagittis. Nam congue, risus semper porta volutpat, quam pede lobortis ligula, sit amet eleifend pede libero quis orci. Nullam molestie nibh in lectus. Pellentesque at nulla.', '2020-06-04 23:20:53', '2020-05-18 00:48:44');
insert into comments (id, user_id, post_id, body, created_at, updated_at) values (28, 66, 37, 'Donec posuere metus vitae ipsum. Aliquam non mauris. Morbi non lectus. Aliquam sit amet diam in magna bibendum imperdiet. Nullam orci pede, venenatis non, sodales sed, tincidunt eu, felis. Fusce posuere felis sed lacus. Morbi sem mauris, laoreet ut, rhoncus aliquet, pulvinar sed, nisl. Nunc rhoncus dui vel sem. Sed sagittis. Nam congue, risus semper porta volutpat, quam pede lobortis ligula, sit amet eleifend pede libero quis orci. Nullam molestie nibh in lectus. Pellentesque at nulla. Suspendisse potenti.', '2020-01-07 23:29:47', '2020-02-28 02:34:40');
insert into comments (id, user_id, post_id, body, created_at, updated_at) values (29, 25, 38, 'Donec dapibus. Duis at velit eu est congue elementum. In hac habitasse platea dictumst. Morbi vestibulum, velit id pretium iaculis, diam erat fermentum justo, nec condimentum neque sapien placerat ante. Nulla justo. Aliquam quis turpis eget elit sodales scelerisque. Mauris sit amet eros. Suspendisse accumsan tortor quis turpis. Sed ante. Vivamus tortor. Duis mattis egestas metus. Aenean fermentum. Donec ut mauris eget massa tempor convallis.', '2020-07-19 03:58:31', '2020-09-12 04:56:07');
insert into comments (id, user_id, post_id, body, created_at, updated_at) values (30, 69, 4, 'Mauris sit amet eros. Suspendisse accumsan tortor quis turpis. Sed ante. Vivamus tortor. Duis mattis egestas metus. Aenean fermentum. Donec ut mauris eget massa tempor convallis. Nulla neque libero, convallis eget, eleifend luctus, ultricies eu, nibh. Quisque id justo sit amet sapien dignissim vestibulum. Vestibulum ante ipsum primis in faucibus orci luctus et ultrices posuere cubilia Curae; Nulla dapibus dolor vel est. Donec odio justo, sollicitudin ut, suscipit a, feugiat et, eros. Vestibulum ac est lacinia nisi venenatis tristique. Fusce congue, diam id ornare imperdiet, sapien urna pretium nisl, ut volutpat sapien arcu sed augue. Aliquam erat volutpat. In congue.', '2020-03-09 21:38:32', '2020-05-15 05:12:35');
insert into comments (id, user_id, post_id, body, created_at, updated_at) values (31, 19, 22, 'Cras in purus eu magna vulputate luctus. Cum sociis natoque penatibus et magnis dis parturient montes, nascetur ridiculus mus. Vivamus vestibulum sagittis sapien. Cum sociis natoque penatibus et magnis dis parturient montes, nascetur ridiculus mus. Etiam vel augue. Vestibulum rutrum rutrum neque. Aenean auctor gravida sem. Praesent id massa id nisl venenatis lacinia. Aenean sit amet justo.', '2020-04-04 10:31:52', '2020-07-05 15:20:39');
insert into comments (id, user_id, post_id, body, created_at, updated_at) values (32, 47, 21, 'Pellentesque eget nunc. Donec quis orci eget orci vehicula condimentum. Curabitur in libero ut massa volutpat convallis. Morbi odio odio, elementum eu, interdum eu, tincidunt in, leo. Maecenas pulvinar lobortis est. Phasellus sit amet erat. Nulla tempus. Vivamus in felis eu sapien cursus vestibulum. Proin eu mi. Nulla ac enim. In tempor, turpis nec euismod scelerisque, quam turpis adipiscing lorem, vitae mattis nibh ligula nec sem. Duis aliquam convallis nunc. Proin at turpis a pede posuere nonummy. Integer non velit. Donec diam neque, vestibulum eget, vulputate ut, ultrices vel, augue.', '2020-03-24 00:55:30', '2020-07-26 08:21:41');
insert into comments (id, user_id, post_id, body, created_at, updated_at) values (33, 7, 37, 'Aliquam erat volutpat. In congue. Etiam justo. Etiam pretium iaculis justo. In hac habitasse platea dictumst. Etiam faucibus cursus urna.', '2020-01-19 20:04:51', '2020-07-01 06:54:07');
insert into comments (id, user_id, post_id, body, created_at, updated_at) values (34, 81, 9, 'Vestibulum ante ipsum primis in faucibus orci luctus et ultrices posuere cubilia Curae; Mauris viverra diam vitae quam. Suspendisse potenti. Nullam porttitor lacus at turpis. Donec posuere metus vitae ipsum. Aliquam non mauris. Morbi non lectus. Aliquam sit amet diam in magna bibendum imperdiet. Nullam orci pede, venenatis non, sodales sed, tincidunt eu, felis. Fusce posuere felis sed lacus. Morbi sem mauris, laoreet ut, rhoncus aliquet, pulvinar sed, nisl. Nunc rhoncus dui vel sem. Sed sagittis. Nam congue, risus semper porta volutpat, quam pede lobortis ligula, sit amet eleifend pede libero quis orci. Nullam molestie nibh in lectus.', '2020-05-08 06:06:40', '2020-04-16 17:09:13');
insert into comments (id, user_id, post_id, body, created_at, updated_at) values (35, 77, 49, 'Duis bibendum, felis sed interdum venenatis, turpis enim blandit mi, in porttitor pede justo eu massa. Donec dapibus. Duis at velit eu est congue elementum. In hac habitasse platea dictumst.', '2020-08-12 01:10:19', '2020-06-25 12:32:18');
insert into comments (id, user_id, post_id, body, created_at, updated_at) values (36, 15, 43, 'Proin at turpis a pede posuere nonummy. Integer non velit. Donec diam neque, vestibulum eget, vulputate ut, ultrices vel, augue. Vestibulum ante ipsum primis in faucibus orci luctus et ultrices posuere cubilia Curae; Donec pharetra, magna vestibulum aliquet ultrices, erat tortor sollicitudin mi, sit amet lobortis sapien sapien non mi. Integer ac neque. Duis bibendum. Morbi non quam nec dui luctus rutrum. Nulla tellus. In sagittis dui vel nisl. Duis ac nibh.', '2020-05-01 11:36:01', '2020-03-08 15:51:33');
insert into comments (id, user_id, post_id, body, created_at, updated_at) values (37, 28, 1, 'Quisque id justo sit amet sapien dignissim vestibulum. Vestibulum ante ipsum primis in faucibus orci luctus et ultrices posuere cubilia Curae; Nulla dapibus dolor vel est. Donec odio justo, sollicitudin ut, suscipit a, feugiat et, eros. Vestibulum ac est lacinia nisi venenatis tristique.', '2020-07-26 20:39:23', '2020-05-14 04:23:11');
insert into comments (id, user_id, post_id, body, created_at, updated_at) values (38, 86, 27, 'Quisque erat eros, viverra eget, congue eget, semper rutrum, nulla. Nunc purus. Phasellus in felis. Donec semper sapien a libero. Nam dui.', '2020-02-19 09:46:11', '2020-02-05 15:53:42');
insert into comments (id, user_id, post_id, body, created_at, updated_at) values (39, 55, 42, 'Cum sociis natoque penatibus et magnis dis parturient montes, nascetur ridiculus mus. Vivamus vestibulum sagittis sapien. Cum sociis natoque penatibus et magnis dis parturient montes, nascetur ridiculus mus. Etiam vel augue. Vestibulum rutrum rutrum neque. Aenean auctor gravida sem. Praesent id massa id nisl venenatis lacinia. Aenean sit amet justo. Morbi ut odio. Cras mi pede, malesuada in, imperdiet et, commodo vulputate, justo.', '2020-08-30 06:32:05', '2020-06-15 12:51:01');
insert into comments (id, user_id, post_id, body, created_at, updated_at) values (40, 50, 48, 'Sed ante. Vivamus tortor. Duis mattis egestas metus. Aenean fermentum. Donec ut mauris eget massa tempor convallis. Nulla neque libero, convallis eget, eleifend luctus, ultricies eu, nibh. Quisque id justo sit amet sapien dignissim vestibulum. Vestibulum ante ipsum primis in faucibus orci luctus et ultrices posuere cubilia Curae; Nulla dapibus dolor vel est. Donec odio justo, sollicitudin ut, suscipit a, feugiat et, eros. Vestibulum ac est lacinia nisi venenatis tristique. Fusce congue, diam id ornare imperdiet, sapien urna pretium nisl, ut volutpat sapien arcu sed augue. Aliquam erat volutpat.', '2020-01-15 03:24:40', '2020-04-11 09:54:37');
insert into comments (id, user_id, post_id, body, created_at, updated_at) values (41, 47, 7, 'Cras pellentesque volutpat dui. Maecenas tristique, est et tempus semper, est quam pharetra magna, ac consequat metus sapien ut nunc. Vestibulum ante ipsum primis in faucibus orci luctus et ultrices posuere cubilia Curae; Mauris viverra diam vitae quam. Suspendisse potenti. Nullam porttitor lacus at turpis. Donec posuere metus vitae ipsum. Aliquam non mauris. Morbi non lectus. Aliquam sit amet diam in magna bibendum imperdiet. Nullam orci pede, venenatis non, sodales sed, tincidunt eu, felis. Fusce posuere felis sed lacus. Morbi sem mauris, laoreet ut, rhoncus aliquet, pulvinar sed, nisl. Nunc rhoncus dui vel sem. Sed sagittis.', '2020-09-01 07:03:30', '2020-01-02 00:35:19');
insert into comments (id, user_id, post_id, body, created_at, updated_at) values (42, 40, 20, 'Praesent id massa id nisl venenatis lacinia. Aenean sit amet justo. Morbi ut odio. Cras mi pede, malesuada in, imperdiet et, commodo vulputate, justo. In blandit ultrices enim. Lorem ipsum dolor sit amet, consectetuer adipiscing elit. Proin interdum mauris non ligula pellentesque ultrices. Phasellus id sapien in sapien iaculis congue. Vivamus metus arcu, adipiscing molestie, hendrerit at, vulputate vitae, nisl. Aenean lectus. Pellentesque eget nunc. Donec quis orci eget orci vehicula condimentum. Curabitur in libero ut massa volutpat convallis. Morbi odio odio, elementum eu, interdum eu, tincidunt in, leo.', '2020-07-30 18:32:19', '2020-04-10 13:55:12');
insert into comments (id, user_id, post_id, body, created_at, updated_at) values (43, 71, 6, 'Vivamus vestibulum sagittis sapien. Cum sociis natoque penatibus et magnis dis parturient montes, nascetur ridiculus mus. Etiam vel augue. Vestibulum rutrum rutrum neque. Aenean auctor gravida sem. Praesent id massa id nisl venenatis lacinia. Aenean sit amet justo. Morbi ut odio. Cras mi pede, malesuada in, imperdiet et, commodo vulputate, justo. In blandit ultrices enim. Lorem ipsum dolor sit amet, consectetuer adipiscing elit.', '2020-07-29 14:00:37', '2020-02-15 09:27:33');
insert into comments (id, user_id, post_id, body, created_at, updated_at) values (44, 60, 47, 'Donec semper sapien a libero. Nam dui. Proin leo odio, porttitor id, consequat in, consequat ut, nulla. Sed accumsan felis. Ut at dolor quis odio consequat varius. Integer ac leo. Pellentesque ultrices mattis odio. Donec vitae nisi. Nam ultrices, libero non mattis pulvinar, nulla pede ullamcorper augue, a suscipit nulla elit ac nulla. Sed vel enim sit amet nunc viverra dapibus. Nulla suscipit ligula in lacus.', '2020-08-20 00:29:58', '2020-05-26 01:07:16');
insert into comments (id, user_id, post_id, body, created_at, updated_at) values (45, 96, 27, 'Etiam vel augue. Vestibulum rutrum rutrum neque. Aenean auctor gravida sem. Praesent id massa id nisl venenatis lacinia. Aenean sit amet justo. Morbi ut odio. Cras mi pede, malesuada in, imperdiet et, commodo vulputate, justo. In blandit ultrices enim. Lorem ipsum dolor sit amet, consectetuer adipiscing elit. Proin interdum mauris non ligula pellentesque ultrices. Phasellus id sapien in sapien iaculis congue. Vivamus metus arcu, adipiscing molestie, hendrerit at, vulputate vitae, nisl. Aenean lectus. Pellentesque eget nunc. Donec quis orci eget orci vehicula condimentum.', '2020-08-10 21:41:17', '2020-06-11 01:29:37');
insert into comments (id, user_id, post_id, body, created_at, updated_at) values (46, 30, 28, 'Vivamus tortor. Duis mattis egestas metus. Aenean fermentum. Donec ut mauris eget massa tempor convallis. Nulla neque libero, convallis eget, eleifend luctus, ultricies eu, nibh.', '2020-08-23 06:24:54', '2020-08-24 20:49:40');
insert into comments (id, user_id, post_id, body, created_at, updated_at) values (47, 47, 6, 'Proin risus. Praesent lectus. Vestibulum quam sapien, varius ut, blandit non, interdum in, ante. Vestibulum ante ipsum primis in faucibus orci luctus et ultrices posuere cubilia Curae; Duis faucibus accumsan odio. Curabitur convallis. Duis consequat dui nec nisi volutpat eleifend.', '2020-09-06 09:49:41', '2020-08-02 15:06:49');
insert into comments (id, user_id, post_id, body, created_at, updated_at) values (48, 100, 16, 'Fusce consequat. Nulla nisl. Nunc nisl. Duis bibendum, felis sed interdum venenatis, turpis enim blandit mi, in porttitor pede justo eu massa. Donec dapibus. Duis at velit eu est congue elementum. In hac habitasse platea dictumst. Morbi vestibulum, velit id pretium iaculis, diam erat fermentum justo, nec condimentum neque sapien placerat ante. Nulla justo. Aliquam quis turpis eget elit sodales scelerisque. Mauris sit amet eros. Suspendisse accumsan tortor quis turpis.', '2020-07-15 18:55:08', '2020-04-01 02:19:45');
insert into comments (id, user_id, post_id, body, created_at, updated_at) values (49, 41, 23, 'Cum sociis natoque penatibus et magnis dis parturient montes, nascetur ridiculus mus. Vivamus vestibulum sagittis sapien. Cum sociis natoque penatibus et magnis dis parturient montes, nascetur ridiculus mus. Etiam vel augue. Vestibulum rutrum rutrum neque. Aenean auctor gravida sem. Praesent id massa id nisl venenatis lacinia. Aenean sit amet justo. Morbi ut odio. Cras mi pede, malesuada in, imperdiet et, commodo vulputate, justo. In blandit ultrices enim. Lorem ipsum dolor sit amet, consectetuer adipiscing elit.', '2020-01-18 06:53:04', '2020-08-14 10:53:39');
insert into comments (id, user_id, post_id, body, created_at, updated_at) values (50, 29, 35, 'Fusce posuere felis sed lacus. Morbi sem mauris, laoreet ut, rhoncus aliquet, pulvinar sed, nisl. Nunc rhoncus dui vel sem. Sed sagittis. Nam congue, risus semper porta volutpat, quam pede lobortis ligula, sit amet eleifend pede libero quis orci. Nullam molestie nibh in lectus. Pellentesque at nulla. Suspendisse potenti. Cras in purus eu magna vulputate luctus. Cum sociis natoque penatibus et magnis dis parturient montes, nascetur ridiculus mus. Vivamus vestibulum sagittis sapien. Cum sociis natoque penatibus et magnis dis parturient montes, nascetur ridiculus mus. Etiam vel augue. Vestibulum rutrum rutrum neque.', '2020-06-13 16:19:44', '2020-02-29 11:47:08');
insert into comments (id, user_id, post_id, body, created_at, updated_at) values (51, 98, 36, 'Suspendisse accumsan tortor quis turpis. Sed ante. Vivamus tortor. Duis mattis egestas metus. Aenean fermentum. Donec ut mauris eget massa tempor convallis. Nulla neque libero, convallis eget, eleifend luctus, ultricies eu, nibh. Quisque id justo sit amet sapien dignissim vestibulum. Vestibulum ante ipsum primis in faucibus orci luctus et ultrices posuere cubilia Curae; Nulla dapibus dolor vel est. Donec odio justo, sollicitudin ut, suscipit a, feugiat et, eros.', '2020-05-13 18:32:32', '2020-03-12 15:01:32');
insert into comments (id, user_id, post_id, body, created_at, updated_at) values (52, 81, 13, 'In est risus, auctor sed, tristique in, tempus sit amet, sem. Fusce consequat. Nulla nisl. Nunc nisl. Duis bibendum, felis sed interdum venenatis, turpis enim blandit mi, in porttitor pede justo eu massa. Donec dapibus. Duis at velit eu est congue elementum. In hac habitasse platea dictumst. Morbi vestibulum, velit id pretium iaculis, diam erat fermentum justo, nec condimentum neque sapien placerat ante. Nulla justo. Aliquam quis turpis eget elit sodales scelerisque. Mauris sit amet eros. Suspendisse accumsan tortor quis turpis. Sed ante.', '2020-08-17 13:22:13', '2020-08-15 14:05:59');
insert into comments (id, user_id, post_id, body, created_at, updated_at) values (53, 86, 31, 'Duis at velit eu est congue elementum. In hac habitasse platea dictumst. Morbi vestibulum, velit id pretium iaculis, diam erat fermentum justo, nec condimentum neque sapien placerat ante. Nulla justo. Aliquam quis turpis eget elit sodales scelerisque. Mauris sit amet eros.', '2020-07-22 04:33:34', '2020-06-04 14:37:31');
insert into comments (id, user_id, post_id, body, created_at, updated_at) values (54, 55, 49, 'Nulla mollis molestie lorem. Quisque ut erat. Curabitur gravida nisi at nibh. In hac habitasse platea dictumst. Aliquam augue quam, sollicitudin vitae, consectetuer eget, rutrum at, lorem. Integer tincidunt ante vel ipsum. Praesent blandit lacinia erat. Vestibulum sed magna at nunc commodo placerat. Praesent blandit. Nam nulla. Integer pede justo, lacinia eget, tincidunt eget, tempus vel, pede. Morbi porttitor lorem id ligula. Suspendisse ornare consequat lectus.', '2020-06-28 07:28:37', '2020-09-01 06:43:47');
insert into comments (id, user_id, post_id, body, created_at, updated_at) values (55, 50, 23, 'Aenean lectus. Pellentesque eget nunc. Donec quis orci eget orci vehicula condimentum. Curabitur in libero ut massa volutpat convallis. Morbi odio odio, elementum eu, interdum eu, tincidunt in, leo. Maecenas pulvinar lobortis est. Phasellus sit amet erat. Nulla tempus.', '2020-01-29 03:18:12', '2020-01-20 16:16:26');
insert into comments (id, user_id, post_id, body, created_at, updated_at) values (56, 9, 7, 'Nulla justo. Aliquam quis turpis eget elit sodales scelerisque. Mauris sit amet eros. Suspendisse accumsan tortor quis turpis.', '2020-04-14 04:20:20', '2020-03-14 00:05:11');
insert into comments (id, user_id, post_id, body, created_at, updated_at) values (57, 54, 32, 'Nullam sit amet turpis elementum ligula vehicula consequat. Morbi a ipsum. Integer a nibh. In quis justo. Maecenas rhoncus aliquam lacus.', '2020-01-13 07:25:31', '2020-02-11 10:57:34');
insert into comments (id, user_id, post_id, body, created_at, updated_at) values (58, 89, 21, 'Morbi quis tortor id nulla ultrices aliquet. Maecenas leo odio, condimentum id, luctus nec, molestie sed, justo. Pellentesque viverra pede ac diam. Cras pellentesque volutpat dui. Maecenas tristique, est et tempus semper, est quam pharetra magna, ac consequat metus sapien ut nunc. Vestibulum ante ipsum primis in faucibus orci luctus et ultrices posuere cubilia Curae; Mauris viverra diam vitae quam. Suspendisse potenti. Nullam porttitor lacus at turpis. Donec posuere metus vitae ipsum. Aliquam non mauris. Morbi non lectus.', '2020-05-08 13:58:59', '2020-04-06 22:20:29');
insert into comments (id, user_id, post_id, body, created_at, updated_at) values (59, 48, 37, 'Morbi porttitor lorem id ligula. Suspendisse ornare consequat lectus. In est risus, auctor sed, tristique in, tempus sit amet, sem. Fusce consequat. Nulla nisl. Nunc nisl. Duis bibendum, felis sed interdum venenatis, turpis enim blandit mi, in porttitor pede justo eu massa. Donec dapibus. Duis at velit eu est congue elementum. In hac habitasse platea dictumst. Morbi vestibulum, velit id pretium iaculis, diam erat fermentum justo, nec condimentum neque sapien placerat ante. Nulla justo.', '2020-01-23 22:50:11', '2020-04-06 14:09:59');
insert into comments (id, user_id, post_id, body, created_at, updated_at) values (60, 98, 7, 'Quisque porta volutpat erat. Quisque erat eros, viverra eget, congue eget, semper rutrum, nulla. Nunc purus. Phasellus in felis. Donec semper sapien a libero. Nam dui.', '2020-09-03 22:13:30', '2020-06-24 00:17:21');
insert into comments (id, user_id, post_id, body, created_at, updated_at) values (61, 31, 23, 'Integer pede justo, lacinia eget, tincidunt eget, tempus vel, pede. Morbi porttitor lorem id ligula. Suspendisse ornare consequat lectus. In est risus, auctor sed, tristique in, tempus sit amet, sem. Fusce consequat. Nulla nisl. Nunc nisl. Duis bibendum, felis sed interdum venenatis, turpis enim blandit mi, in porttitor pede justo eu massa.', '2020-09-12 08:35:49', '2020-01-01 22:23:16');
insert into comments (id, user_id, post_id, body, created_at, updated_at) values (62, 25, 24, 'Duis ac nibh. Fusce lacus purus, aliquet at, feugiat non, pretium quis, lectus. Suspendisse potenti. In eleifend quam a odio. In hac habitasse platea dictumst. Maecenas ut massa quis augue luctus tincidunt. Nulla mollis molestie lorem. Quisque ut erat. Curabitur gravida nisi at nibh. In hac habitasse platea dictumst. Aliquam augue quam, sollicitudin vitae, consectetuer eget, rutrum at, lorem. Integer tincidunt ante vel ipsum. Praesent blandit lacinia erat. Vestibulum sed magna at nunc commodo placerat.', '2020-01-12 12:47:32', '2020-02-12 01:12:12');
insert into comments (id, user_id, post_id, body, created_at, updated_at) values (63, 49, 23, 'Donec semper sapien a libero. Nam dui. Proin leo odio, porttitor id, consequat in, consequat ut, nulla. Sed accumsan felis. Ut at dolor quis odio consequat varius. Integer ac leo.', '2020-05-08 03:07:07', '2020-07-09 06:55:09');
insert into comments (id, user_id, post_id, body, created_at, updated_at) values (64, 30, 39, 'Mauris lacinia sapien quis libero. Nullam sit amet turpis elementum ligula vehicula consequat. Morbi a ipsum.', '2020-09-22 11:17:14', '2020-04-18 00:36:03');
insert into comments (id, user_id, post_id, body, created_at, updated_at) values (65, 79, 7, 'Aenean auctor gravida sem. Praesent id massa id nisl venenatis lacinia. Aenean sit amet justo. Morbi ut odio. Cras mi pede, malesuada in, imperdiet et, commodo vulputate, justo. In blandit ultrices enim. Lorem ipsum dolor sit amet, consectetuer adipiscing elit. Proin interdum mauris non ligula pellentesque ultrices. Phasellus id sapien in sapien iaculis congue. Vivamus metus arcu, adipiscing molestie, hendrerit at, vulputate vitae, nisl. Aenean lectus. Pellentesque eget nunc. Donec quis orci eget orci vehicula condimentum. Curabitur in libero ut massa volutpat convallis. Morbi odio odio, elementum eu, interdum eu, tincidunt in, leo.', '2020-03-08 05:04:13', '2020-05-31 17:56:47');
insert into comments (id, user_id, post_id, body, created_at, updated_at) values (66, 63, 33, 'In eleifend quam a odio. In hac habitasse platea dictumst. Maecenas ut massa quis augue luctus tincidunt. Nulla mollis molestie lorem. Quisque ut erat. Curabitur gravida nisi at nibh. In hac habitasse platea dictumst. Aliquam augue quam, sollicitudin vitae, consectetuer eget, rutrum at, lorem. Integer tincidunt ante vel ipsum.', '2020-06-11 19:19:33', '2020-07-26 06:36:48');
insert into comments (id, user_id, post_id, body, created_at, updated_at) values (67, 58, 23, 'Maecenas tristique, est et tempus semper, est quam pharetra magna, ac consequat metus sapien ut nunc. Vestibulum ante ipsum primis in faucibus orci luctus et ultrices posuere cubilia Curae; Mauris viverra diam vitae quam. Suspendisse potenti. Nullam porttitor lacus at turpis. Donec posuere metus vitae ipsum. Aliquam non mauris. Morbi non lectus. Aliquam sit amet diam in magna bibendum imperdiet. Nullam orci pede, venenatis non, sodales sed, tincidunt eu, felis. Fusce posuere felis sed lacus. Morbi sem mauris, laoreet ut, rhoncus aliquet, pulvinar sed, nisl. Nunc rhoncus dui vel sem. Sed sagittis.', '2020-09-21 07:37:42', '2020-04-23 15:15:12');
insert into comments (id, user_id, post_id, body, created_at, updated_at) values (68, 84, 12, 'Suspendisse potenti. Cras in purus eu magna vulputate luctus. Cum sociis natoque penatibus et magnis dis parturient montes, nascetur ridiculus mus. Vivamus vestibulum sagittis sapien. Cum sociis natoque penatibus et magnis dis parturient montes, nascetur ridiculus mus. Etiam vel augue. Vestibulum rutrum rutrum neque. Aenean auctor gravida sem. Praesent id massa id nisl venenatis lacinia. Aenean sit amet justo. Morbi ut odio. Cras mi pede, malesuada in, imperdiet et, commodo vulputate, justo. In blandit ultrices enim.', '2020-04-19 17:52:38', '2020-01-07 09:05:38');
insert into comments (id, user_id, post_id, body, created_at, updated_at) values (69, 68, 42, 'Aliquam augue quam, sollicitudin vitae, consectetuer eget, rutrum at, lorem. Integer tincidunt ante vel ipsum. Praesent blandit lacinia erat. Vestibulum sed magna at nunc commodo placerat. Praesent blandit.', '2020-06-15 11:36:36', '2020-07-09 00:05:35');
insert into comments (id, user_id, post_id, body, created_at, updated_at) values (70, 11, 24, 'Nulla neque libero, convallis eget, eleifend luctus, ultricies eu, nibh. Quisque id justo sit amet sapien dignissim vestibulum. Vestibulum ante ipsum primis in faucibus orci luctus et ultrices posuere cubilia Curae; Nulla dapibus dolor vel est.', '2020-06-05 02:41:31', '2020-03-25 12:54:16');
insert into comments (id, user_id, post_id, body, created_at, updated_at) values (71, 42, 35, 'Integer pede justo, lacinia eget, tincidunt eget, tempus vel, pede. Morbi porttitor lorem id ligula. Suspendisse ornare consequat lectus. In est risus, auctor sed, tristique in, tempus sit amet, sem. Fusce consequat. Nulla nisl. Nunc nisl. Duis bibendum, felis sed interdum venenatis, turpis enim blandit mi, in porttitor pede justo eu massa. Donec dapibus. Duis at velit eu est congue elementum. In hac habitasse platea dictumst. Morbi vestibulum, velit id pretium iaculis, diam erat fermentum justo, nec condimentum neque sapien placerat ante.', '2020-03-09 05:30:25', '2020-02-13 19:55:06');
insert into comments (id, user_id, post_id, body, created_at, updated_at) values (72, 13, 23, 'Integer tincidunt ante vel ipsum. Praesent blandit lacinia erat. Vestibulum sed magna at nunc commodo placerat. Praesent blandit. Nam nulla. Integer pede justo, lacinia eget, tincidunt eget, tempus vel, pede. Morbi porttitor lorem id ligula. Suspendisse ornare consequat lectus. In est risus, auctor sed, tristique in, tempus sit amet, sem. Fusce consequat.', '2020-01-15 16:09:50', '2020-09-21 00:04:56');
insert into comments (id, user_id, post_id, body, created_at, updated_at) values (73, 3, 48, 'Aenean fermentum. Donec ut mauris eget massa tempor convallis. Nulla neque libero, convallis eget, eleifend luctus, ultricies eu, nibh. Quisque id justo sit amet sapien dignissim vestibulum. Vestibulum ante ipsum primis in faucibus orci luctus et ultrices posuere cubilia Curae; Nulla dapibus dolor vel est. Donec odio justo, sollicitudin ut, suscipit a, feugiat et, eros. Vestibulum ac est lacinia nisi venenatis tristique. Fusce congue, diam id ornare imperdiet, sapien urna pretium nisl, ut volutpat sapien arcu sed augue. Aliquam erat volutpat. In congue.', '2020-08-26 13:34:22', '2020-06-20 07:59:57');
insert into comments (id, user_id, post_id, body, created_at, updated_at) values (74, 83, 34, 'Maecenas tincidunt lacus at velit. Vivamus vel nulla eget eros elementum pellentesque. Quisque porta volutpat erat. Quisque erat eros, viverra eget, congue eget, semper rutrum, nulla. Nunc purus. Phasellus in felis. Donec semper sapien a libero. Nam dui.', '2020-04-05 01:21:52', '2020-08-17 09:27:59');
insert into comments (id, user_id, post_id, body, created_at, updated_at) values (75, 26, 31, 'Morbi sem mauris, laoreet ut, rhoncus aliquet, pulvinar sed, nisl. Nunc rhoncus dui vel sem. Sed sagittis. Nam congue, risus semper porta volutpat, quam pede lobortis ligula, sit amet eleifend pede libero quis orci.', '2020-07-03 10:37:56', '2020-05-16 22:22:49');
insert into comments (id, user_id, post_id, body, created_at, updated_at) values (76, 94, 38, 'In tempor, turpis nec euismod scelerisque, quam turpis adipiscing lorem, vitae mattis nibh ligula nec sem. Duis aliquam convallis nunc. Proin at turpis a pede posuere nonummy. Integer non velit. Donec diam neque, vestibulum eget, vulputate ut, ultrices vel, augue. Vestibulum ante ipsum primis in faucibus orci luctus et ultrices posuere cubilia Curae; Donec pharetra, magna vestibulum aliquet ultrices, erat tortor sollicitudin mi, sit amet lobortis sapien sapien non mi. Integer ac neque. Duis bibendum. Morbi non quam nec dui luctus rutrum. Nulla tellus. In sagittis dui vel nisl. Duis ac nibh. Fusce lacus purus, aliquet at, feugiat non, pretium quis, lectus.', '2020-02-26 02:50:16', '2020-07-30 15:42:28');
insert into comments (id, user_id, post_id, body, created_at, updated_at) values (77, 5, 46, 'Pellentesque viverra pede ac diam. Cras pellentesque volutpat dui. Maecenas tristique, est et tempus semper, est quam pharetra magna, ac consequat metus sapien ut nunc. Vestibulum ante ipsum primis in faucibus orci luctus et ultrices posuere cubilia Curae; Mauris viverra diam vitae quam. Suspendisse potenti. Nullam porttitor lacus at turpis.', '2020-04-13 15:14:27', '2020-09-17 06:41:13');
insert into comments (id, user_id, post_id, body, created_at, updated_at) values (78, 11, 39, 'In quis justo. Maecenas rhoncus aliquam lacus. Morbi quis tortor id nulla ultrices aliquet. Maecenas leo odio, condimentum id, luctus nec, molestie sed, justo. Pellentesque viverra pede ac diam. Cras pellentesque volutpat dui.', '2020-05-25 01:32:33', '2020-01-23 05:27:24');
insert into comments (id, user_id, post_id, body, created_at, updated_at) values (79, 5, 25, 'Cras non velit nec nisi vulputate nonummy. Maecenas tincidunt lacus at velit. Vivamus vel nulla eget eros elementum pellentesque. Quisque porta volutpat erat. Quisque erat eros, viverra eget, congue eget, semper rutrum, nulla. Nunc purus. Phasellus in felis. Donec semper sapien a libero. Nam dui. Proin leo odio, porttitor id, consequat in, consequat ut, nulla. Sed accumsan felis. Ut at dolor quis odio consequat varius. Integer ac leo.', '2020-05-04 18:57:09', '2020-07-27 05:12:14');
insert into comments (id, user_id, post_id, body, created_at, updated_at) values (80, 16, 49, 'Vestibulum rutrum rutrum neque. Aenean auctor gravida sem. Praesent id massa id nisl venenatis lacinia. Aenean sit amet justo. Morbi ut odio. Cras mi pede, malesuada in, imperdiet et, commodo vulputate, justo. In blandit ultrices enim. Lorem ipsum dolor sit amet, consectetuer adipiscing elit. Proin interdum mauris non ligula pellentesque ultrices. Phasellus id sapien in sapien iaculis congue. Vivamus metus arcu, adipiscing molestie, hendrerit at, vulputate vitae, nisl. Aenean lectus. Pellentesque eget nunc.', '2020-01-29 00:24:30', '2020-05-01 17:36:34');
insert into comments (id, user_id, post_id, body, created_at, updated_at) values (81, 8, 4, 'Praesent lectus. Vestibulum quam sapien, varius ut, blandit non, interdum in, ante. Vestibulum ante ipsum primis in faucibus orci luctus et ultrices posuere cubilia Curae; Duis faucibus accumsan odio. Curabitur convallis.', '2020-09-20 02:01:47', '2020-03-22 05:05:43');
insert into comments (id, user_id, post_id, body, created_at, updated_at) values (82, 59, 18, 'Nulla facilisi. Cras non velit nec nisi vulputate nonummy. Maecenas tincidunt lacus at velit.', '2020-02-07 18:40:53', '2020-02-12 05:56:13');
insert into comments (id, user_id, post_id, body, created_at, updated_at) values (83, 16, 25, 'Quisque id justo sit amet sapien dignissim vestibulum. Vestibulum ante ipsum primis in faucibus orci luctus et ultrices posuere cubilia Curae; Nulla dapibus dolor vel est. Donec odio justo, sollicitudin ut, suscipit a, feugiat et, eros. Vestibulum ac est lacinia nisi venenatis tristique. Fusce congue, diam id ornare imperdiet, sapien urna pretium nisl, ut volutpat sapien arcu sed augue. Aliquam erat volutpat. In congue. Etiam justo. Etiam pretium iaculis justo.', '2020-01-04 05:21:31', '2020-09-02 14:32:19');
insert into comments (id, user_id, post_id, body, created_at, updated_at) values (84, 86, 12, 'Lorem ipsum dolor sit amet, consectetuer adipiscing elit. Proin risus. Praesent lectus. Vestibulum quam sapien, varius ut, blandit non, interdum in, ante. Vestibulum ante ipsum primis in faucibus orci luctus et ultrices posuere cubilia Curae; Duis faucibus accumsan odio. Curabitur convallis. Duis consequat dui nec nisi volutpat eleifend. Donec ut dolor. Morbi vel lectus in quam fringilla rhoncus. Mauris enim leo, rhoncus sed, vestibulum sit amet, cursus id, turpis. Integer aliquet, massa id lobortis convallis, tortor risus dapibus augue, vel accumsan tellus nisi eu orci. Mauris lacinia sapien quis libero.', '2020-03-17 14:10:58', '2020-07-02 17:09:44');
insert into comments (id, user_id, post_id, body, created_at, updated_at) values (85, 43, 12, 'Cras pellentesque volutpat dui. Maecenas tristique, est et tempus semper, est quam pharetra magna, ac consequat metus sapien ut nunc. Vestibulum ante ipsum primis in faucibus orci luctus et ultrices posuere cubilia Curae; Mauris viverra diam vitae quam. Suspendisse potenti.', '2020-05-02 15:44:44', '2020-03-02 10:13:56');
insert into comments (id, user_id, post_id, body, created_at, updated_at) values (86, 32, 30, 'Vestibulum ante ipsum primis in faucibus orci luctus et ultrices posuere cubilia Curae; Nulla dapibus dolor vel est. Donec odio justo, sollicitudin ut, suscipit a, feugiat et, eros. Vestibulum ac est lacinia nisi venenatis tristique. Fusce congue, diam id ornare imperdiet, sapien urna pretium nisl, ut volutpat sapien arcu sed augue. Aliquam erat volutpat. In congue. Etiam justo. Etiam pretium iaculis justo. In hac habitasse platea dictumst. Etiam faucibus cursus urna.', '2020-01-30 23:37:06', '2020-01-13 09:58:48');
insert into comments (id, user_id, post_id, body, created_at, updated_at) values (87, 99, 39, 'Pellentesque viverra pede ac diam. Cras pellentesque volutpat dui. Maecenas tristique, est et tempus semper, est quam pharetra magna, ac consequat metus sapien ut nunc. Vestibulum ante ipsum primis in faucibus orci luctus et ultrices posuere cubilia Curae; Mauris viverra diam vitae quam. Suspendisse potenti. Nullam porttitor lacus at turpis. Donec posuere metus vitae ipsum. Aliquam non mauris. Morbi non lectus. Aliquam sit amet diam in magna bibendum imperdiet. Nullam orci pede, venenatis non, sodales sed, tincidunt eu, felis. Fusce posuere felis sed lacus. Morbi sem mauris, laoreet ut, rhoncus aliquet, pulvinar sed, nisl.', '2020-06-14 07:05:00', '2020-07-25 08:19:34');
insert into comments (id, user_id, post_id, body, created_at, updated_at) values (88, 16, 41, 'Duis mattis egestas metus. Aenean fermentum. Donec ut mauris eget massa tempor convallis. Nulla neque libero, convallis eget, eleifend luctus, ultricies eu, nibh. Quisque id justo sit amet sapien dignissim vestibulum. Vestibulum ante ipsum primis in faucibus orci luctus et ultrices posuere cubilia Curae; Nulla dapibus dolor vel est. Donec odio justo, sollicitudin ut, suscipit a, feugiat et, eros. Vestibulum ac est lacinia nisi venenatis tristique. Fusce congue, diam id ornare imperdiet, sapien urna pretium nisl, ut volutpat sapien arcu sed augue. Aliquam erat volutpat. In congue. Etiam justo. Etiam pretium iaculis justo.', '2020-08-04 15:37:20', '2020-01-07 06:06:13');
insert into comments (id, user_id, post_id, body, created_at, updated_at) values (89, 80, 41, 'Suspendisse potenti. In eleifend quam a odio. In hac habitasse platea dictumst. Maecenas ut massa quis augue luctus tincidunt. Nulla mollis molestie lorem. Quisque ut erat. Curabitur gravida nisi at nibh. In hac habitasse platea dictumst. Aliquam augue quam, sollicitudin vitae, consectetuer eget, rutrum at, lorem. Integer tincidunt ante vel ipsum. Praesent blandit lacinia erat. Vestibulum sed magna at nunc commodo placerat. Praesent blandit. Nam nulla. Integer pede justo, lacinia eget, tincidunt eget, tempus vel, pede.', '2020-01-16 11:15:22', '2020-05-11 11:26:46');
insert into comments (id, user_id, post_id, body, created_at, updated_at) values (90, 54, 18, 'Etiam pretium iaculis justo. In hac habitasse platea dictumst. Etiam faucibus cursus urna.', '2020-01-26 06:23:00', '2020-02-24 13:12:28');
insert into comments (id, user_id, post_id, body, created_at, updated_at) values (91, 54, 2, 'Duis bibendum. Morbi non quam nec dui luctus rutrum. Nulla tellus. In sagittis dui vel nisl. Duis ac nibh. Fusce lacus purus, aliquet at, feugiat non, pretium quis, lectus. Suspendisse potenti.', '2020-05-10 01:28:29', '2020-07-19 00:18:38');
insert into comments (id, user_id, post_id, body, created_at, updated_at) values (92, 90, 33, 'In quis justo. Maecenas rhoncus aliquam lacus. Morbi quis tortor id nulla ultrices aliquet. Maecenas leo odio, condimentum id, luctus nec, molestie sed, justo. Pellentesque viverra pede ac diam. Cras pellentesque volutpat dui. Maecenas tristique, est et tempus semper, est quam pharetra magna, ac consequat metus sapien ut nunc. Vestibulum ante ipsum primis in faucibus orci luctus et ultrices posuere cubilia Curae; Mauris viverra diam vitae quam. Suspendisse potenti. Nullam porttitor lacus at turpis. Donec posuere metus vitae ipsum.', '2020-05-09 18:39:54', '2020-06-07 13:16:56');
insert into comments (id, user_id, post_id, body, created_at, updated_at) values (93, 30, 27, 'Morbi quis tortor id nulla ultrices aliquet. Maecenas leo odio, condimentum id, luctus nec, molestie sed, justo. Pellentesque viverra pede ac diam. Cras pellentesque volutpat dui.', '2020-07-06 03:58:11', '2020-01-03 00:47:38');
insert into comments (id, user_id, post_id, body, created_at, updated_at) values (94, 7, 37, 'Phasellus id sapien in sapien iaculis congue. Vivamus metus arcu, adipiscing molestie, hendrerit at, vulputate vitae, nisl. Aenean lectus. Pellentesque eget nunc. Donec quis orci eget orci vehicula condimentum. Curabitur in libero ut massa volutpat convallis. Morbi odio odio, elementum eu, interdum eu, tincidunt in, leo. Maecenas pulvinar lobortis est. Phasellus sit amet erat. Nulla tempus. Vivamus in felis eu sapien cursus vestibulum. Proin eu mi.', '2020-08-09 02:53:59', '2020-03-04 15:30:27');
insert into comments (id, user_id, post_id, body, created_at, updated_at) values (95, 49, 6, 'Donec posuere metus vitae ipsum. Aliquam non mauris. Morbi non lectus. Aliquam sit amet diam in magna bibendum imperdiet. Nullam orci pede, venenatis non, sodales sed, tincidunt eu, felis. Fusce posuere felis sed lacus. Morbi sem mauris, laoreet ut, rhoncus aliquet, pulvinar sed, nisl. Nunc rhoncus dui vel sem. Sed sagittis. Nam congue, risus semper porta volutpat, quam pede lobortis ligula, sit amet eleifend pede libero quis orci. Nullam molestie nibh in lectus. Pellentesque at nulla.', '2020-03-15 03:30:41', '2020-02-19 09:05:24');
insert into comments (id, user_id, post_id, body, created_at, updated_at) values (96, 95, 8, 'Maecenas leo odio, condimentum id, luctus nec, molestie sed, justo. Pellentesque viverra pede ac diam. Cras pellentesque volutpat dui. Maecenas tristique, est et tempus semper, est quam pharetra magna, ac consequat metus sapien ut nunc. Vestibulum ante ipsum primis in faucibus orci luctus et ultrices posuere cubilia Curae; Mauris viverra diam vitae quam. Suspendisse potenti. Nullam porttitor lacus at turpis. Donec posuere metus vitae ipsum. Aliquam non mauris.', '2020-01-20 18:42:28', '2020-09-10 21:44:44');
insert into comments (id, user_id, post_id, body, created_at, updated_at) values (97, 55, 9, 'Nullam molestie nibh in lectus. Pellentesque at nulla. Suspendisse potenti. Cras in purus eu magna vulputate luctus. Cum sociis natoque penatibus et magnis dis parturient montes, nascetur ridiculus mus. Vivamus vestibulum sagittis sapien. Cum sociis natoque penatibus et magnis dis parturient montes, nascetur ridiculus mus. Etiam vel augue. Vestibulum rutrum rutrum neque. Aenean auctor gravida sem. Praesent id massa id nisl venenatis lacinia.', '2020-04-09 10:35:28', '2020-01-09 02:40:52');
insert into comments (id, user_id, post_id, body, created_at, updated_at) values (98, 50, 34, 'Sed ante. Vivamus tortor. Duis mattis egestas metus. Aenean fermentum. Donec ut mauris eget massa tempor convallis. Nulla neque libero, convallis eget, eleifend luctus, ultricies eu, nibh. Quisque id justo sit amet sapien dignissim vestibulum.', '2020-06-25 03:12:43', '2020-09-23 08:20:57');
insert into comments (id, user_id, post_id, body, created_at, updated_at) values (99, 95, 39, 'Praesent blandit. Nam nulla. Integer pede justo, lacinia eget, tincidunt eget, tempus vel, pede. Morbi porttitor lorem id ligula. Suspendisse ornare consequat lectus. In est risus, auctor sed, tristique in, tempus sit amet, sem. Fusce consequat. Nulla nisl.', '2020-03-03 02:37:23', '2020-09-02 12:14:42');
insert into comments (id, user_id, post_id, body, created_at, updated_at) values (100, 88, 45, 'Nulla neque libero, convallis eget, eleifend luctus, ultricies eu, nibh. Quisque id justo sit amet sapien dignissim vestibulum. Vestibulum ante ipsum primis in faucibus orci luctus et ultrices posuere cubilia Curae; Nulla dapibus dolor vel est. Donec odio justo, sollicitudin ut, suscipit a, feugiat et, eros. Vestibulum ac est lacinia nisi venenatis tristique. Fusce congue, diam id ornare imperdiet, sapien urna pretium nisl, ut volutpat sapien arcu sed augue. Aliquam erat volutpat. In congue. Etiam justo. Etiam pretium iaculis justo. In hac habitasse platea dictumst. Etiam faucibus cursus urna. Ut tellus.', '2020-06-22 21:20:52', '2020-07-08 02:24:28');

insert into photos (id, user_id, description, filename) values (1, 41, 'hac habitasse platea dictumst aliquam augue quam sollicitudin vitae consectetuer eget rutrum', 'euSapien.jpeg');
insert into photos (id, user_id, description, filename) values (2, 63, 'diam neque vestibulum eget vulputate ut ultrices vel augue vestibulum ante ipsum', 'ut.tiff');
insert into photos (id, user_id, description, filename) values (3, 56, 'odio odio elementum eu interdum eu tincidunt in leo maecenas pulvinar lobortis est phasellus', 'tempusVel.jpeg');
insert into photos (id, user_id, description, filename) values (4, 86, 'integer pede justo', 'etMagnis.tiff');
insert into photos (id, user_id, description, filename) values (5, 35, 'quis', 'tellusNisiEu.tiff');
insert into photos (id, user_id, description, filename) values (6, 37, 'nulla', 'felis.jpeg');
insert into photos (id, user_id, description, filename) values (7, 74, 'quam pharetra magna ac consequat metus sapien ut nunc vestibulum ante', 'elitProinInterdum.jpeg');
insert into photos (id, user_id, description, filename) values (8, 9, 'rhoncus dui vel sem sed sagittis', 'cras.gif');
insert into photos (id, user_id, description, filename) values (9, 20, 'elementum eu interdum eu tincidunt in leo maecenas pulvinar lobortis est phasellus sit amet', 'luctusUltriciesEu.tiff');
insert into photos (id, user_id, description, filename) values (10, 62, 'pellentesque ultrices phasellus id sapien in sapien iaculis congue vivamus', 'eget.tiff');
insert into photos (id, user_id, description, filename) values (11, 68, 'aenean lectus pellentesque', 'integer.gif');
insert into photos (id, user_id, description, filename) values (12, 15, 'sed justo pellentesque viverra pede ac diam cras pellentesque volutpat', 'tellus.jpeg');
insert into photos (id, user_id, description, filename) values (13, 100, 'vitae mattis', 'posuereNonummyInteger.png');
insert into photos (id, user_id, description, filename) values (14, 43, 'sit amet turpis elementum ligula vehicula consequat morbi a ipsum integer', 'pellentesque.jpeg');
insert into photos (id, user_id, description, filename) values (15, 89, 'nibh in lectus pellentesque at nulla suspendisse potenti cras in', 'rutrumNulla.jpeg');
insert into photos (id, user_id, description, filename) values (16, 78, 'nulla eget eros elementum pellentesque quisque porta volutpat erat quisque erat eros viverra eget congue', 'quisque.tiff');
insert into photos (id, user_id, description, filename) values (17, 67, 'venenatis tristique fusce congue diam id', 'ultricesPosuere.tiff');
insert into photos (id, user_id, description, filename) values (18, 54, 'justo etiam pretium iaculis', 'neque.jpeg');
insert into photos (id, user_id, description, filename) values (19, 57, 'metus arcu adipiscing molestie hendrerit at', 'nam.jpeg');
insert into photos (id, user_id, description, filename) values (20, 78, 'ante vivamus tortor duis mattis egestas metus', 'cubiliaCurae.tiff');
insert into photos (id, user_id, description, filename) values (21, 26, 'nulla suscipit ligula in', 'sitAmetLobortis.gif');
insert into photos (id, user_id, description, filename) values (22, 74, 'tempus semper est quam pharetra magna ac consequat metus sapien ut', 'interdumMauris.gif');
insert into photos (id, user_id, description, filename) values (23, 89, 'morbi ut odio', 'rhoncusMauris.jpeg');
insert into photos (id, user_id, description, filename) values (24, 32, 'metus arcu adipiscing molestie hendrerit at vulputate', 'vestibulum.tiff');
insert into photos (id, user_id, description, filename) values (25, 59, 'adipiscing elit proin risus praesent lectus vestibulum quam sapien varius ut blandit non', 'vulputateVitaeNisl.gif');
insert into photos (id, user_id, description, filename) values (26, 96, 'ut nulla sed accumsan felis ut at dolor', 'aenean.gif');
insert into photos (id, user_id, description, filename) values (27, 34, 'nisi eu orci mauris', 'orciLuctusEt.jpeg');
insert into photos (id, user_id, description, filename) values (28, 90, 'risus dapibus augue vel accumsan tellus nisi eu orci mauris lacinia sapien quis libero nullam', 'variusUtBlandit.gif');
insert into photos (id, user_id, description, filename) values (29, 50, 'maecenas pulvinar lobortis est', 'duisConsequat.gif');
insert into photos (id, user_id, description, filename) values (30, 60, 'duis bibendum felis sed interdum venenatis turpis enim blandit mi in porttitor', 'aOdioIn.jpeg');
insert into photos (id, user_id, description, filename) values (31, 28, 'ipsum primis in faucibus orci luctus et ultrices posuere cubilia curae', 'nullaDapibusDolor.gif');
insert into photos (id, user_id, description, filename) values (32, 34, 'ante', 'faucibusAccumsan.png');
insert into photos (id, user_id, description, filename) values (33, 86, 'integer non velit donec diam neque vestibulum eget', 'aFeugiat.jpeg');
insert into photos (id, user_id, description, filename) values (34, 43, 'augue vel accumsan tellus nisi eu orci mauris lacinia sapien', 'turpisElementumLigula.png');
insert into photos (id, user_id, description, filename) values (35, 81, 'accumsan tortor quis turpis sed ante vivamus tortor duis mattis egestas metus', 'justoSollicitudin.png');
insert into photos (id, user_id, description, filename) values (36, 27, 'magnis dis parturient montes nascetur ridiculus mus etiam vel augue vestibulum rutrum rutrum neque aenean', 'quamSapienVarius.gif');
insert into photos (id, user_id, description, filename) values (37, 10, 'amet consectetuer adipiscing elit proin risus praesent lectus vestibulum quam sapien varius ut blandit', 'sedLacusMorbi.tiff');
insert into photos (id, user_id, description, filename) values (38, 41, 'natoque penatibus et magnis dis parturient montes nascetur ridiculus mus', 'luctusTinciduntNulla.gif');
insert into photos (id, user_id, description, filename) values (39, 2, 'donec posuere metus', 'nonVelitNec.tiff');
insert into photos (id, user_id, description, filename) values (40, 21, 'eros elementum pellentesque quisque porta volutpat erat quisque erat eros viverra eget congue eget semper', 'consectetuerAdipiscing.gif');
insert into photos (id, user_id, description, filename) values (41, 12, 'massa id nisl venenatis lacinia aenean sit amet justo morbi ut odio cras mi pede', 'ut.png');
insert into photos (id, user_id, description, filename) values (42, 92, 'ridiculus mus vivamus vestibulum sagittis sapien cum', 'duisConsequatDui.jpeg');
insert into photos (id, user_id, description, filename) values (43, 85, 'donec', 'aenean.tiff');
insert into photos (id, user_id, description, filename) values (44, 38, 'integer', 'in.png');
insert into photos (id, user_id, description, filename) values (45, 40, 'arcu libero rutrum ac lobortis vel dapibus at diam nam tristique', 'in.tiff');
insert into photos (id, user_id, description, filename) values (46, 87, 'turpis adipiscing lorem vitae mattis nibh', 'estRisusAuctor.tiff');
insert into photos (id, user_id, description, filename) values (47, 27, 'eros suspendisse accumsan tortor quis turpis sed ante vivamus tortor', 'idSapien.jpeg');
insert into photos (id, user_id, description, filename) values (48, 54, 'pretium quis lectus suspendisse potenti in eleifend quam a', 'maecenasUt.gif');
insert into photos (id, user_id, description, filename) values (49, 83, 'purus sit amet nulla quisque arcu libero', 'quam.tiff');
insert into photos (id, user_id, description, filename) values (50, 23, 'auctor sed tristique in tempus sit amet sem fusce consequat nulla nisl nunc nisl duis', 'acDiamCras.png');
insert into photos (id, user_id, description, filename) values (51, 77, 'scelerisque mauris sit amet eros suspendisse accumsan tortor', 'bibendumImperdietNullam.tiff');
insert into photos (id, user_id, description, filename) values (52, 45, 'vitae consectetuer eget rutrum at lorem', 'miPedeMalesuada.png');
insert into photos (id, user_id, description, filename) values (53, 40, 'venenatis non sodales sed tincidunt eu felis fusce posuere', 'leo.png');
insert into photos (id, user_id, description, filename) values (54, 29, 'dictumst etiam faucibus cursus urna ut tellus nulla ut erat id mauris vulputate elementum', 'sit.png');
insert into photos (id, user_id, description, filename) values (55, 4, 'in congue etiam justo etiam pretium', 'posuereCubiliaCurae.jpeg');
insert into photos (id, user_id, description, filename) values (56, 19, 'vehicula consequat morbi a ipsum integer a nibh', 'nisl.jpeg');
insert into photos (id, user_id, description, filename) values (57, 50, 'a libero nam dui proin leo odio porttitor id consequat in consequat ut nulla sed', 'augue.tiff');
insert into photos (id, user_id, description, filename) values (58, 18, 'tristique fusce congue diam id ornare imperdiet sapien urna pretium nisl', 'tellus.png');
insert into photos (id, user_id, description, filename) values (59, 79, 'quam nec dui luctus rutrum nulla tellus in', 'magnaVestibulumAliquet.jpeg');
insert into photos (id, user_id, description, filename) values (60, 20, 'fusce congue', 'etMagnis.jpeg');
insert into photos (id, user_id, description, filename) values (61, 27, 'tempus semper est quam pharetra magna ac consequat metus sapien', 'commodoVulputate.tiff');
insert into photos (id, user_id, description, filename) values (62, 37, 'id ornare imperdiet sapien urna pretium nisl ut', 'suspendisse.gif');
insert into photos (id, user_id, description, filename) values (63, 22, 'vestibulum sit amet cursus id turpis integer aliquet massa id lobortis convallis tortor risus', 'vitaeMattisNibh.tiff');
insert into photos (id, user_id, description, filename) values (64, 55, 'quam fringilla rhoncus mauris enim leo rhoncus sed vestibulum', 'nuncCommodo.tiff');
insert into photos (id, user_id, description, filename) values (65, 36, 'ligula pellentesque ultrices phasellus id sapien in sapien iaculis congue vivamus metus', 'quisAugue.png');
insert into photos (id, user_id, description, filename) values (66, 65, 'vel dapibus at', 'sapienVarius.tiff');
insert into photos (id, user_id, description, filename) values (67, 70, 'lectus aliquam sit amet diam in magna bibendum imperdiet nullam orci', 'posuereCubiliaCurae.tiff');
insert into photos (id, user_id, description, filename) values (68, 13, 'ultrices phasellus id sapien in sapien', 'semDuis.png');
insert into photos (id, user_id, description, filename) values (69, 11, 'integer a nibh in quis justo', 'disParturientMontes.tiff');
insert into photos (id, user_id, description, filename) values (70, 58, 'consequat dui nec nisi volutpat eleifend', 'odioElementum.jpeg');
insert into photos (id, user_id, description, filename) values (71, 30, 'vel', 'sitAmet.jpeg');
insert into photos (id, user_id, description, filename) values (72, 85, 'purus phasellus in felis donec', 'in.jpeg');
insert into photos (id, user_id, description, filename) values (73, 54, 'tristique fusce congue diam id ornare imperdiet sapien urna pretium nisl', 'id.gif');
insert into photos (id, user_id, description, filename) values (74, 79, 'vel augue vestibulum', 'quam.gif');
insert into photos (id, user_id, description, filename) values (75, 18, 'mus vivamus vestibulum sagittis sapien', 'necMolestie.gif');
insert into photos (id, user_id, description, filename) values (76, 66, 'consectetuer adipiscing elit proin interdum mauris non ligula pellentesque ultrices phasellus id sapien in sapien', 'faucibus.tiff');
insert into photos (id, user_id, description, filename) values (77, 66, 'erat eros viverra eget congue eget', 'ametEros.png');
insert into photos (id, user_id, description, filename) values (78, 46, 'fusce posuere felis', 'idOrnare.jpeg');
insert into photos (id, user_id, description, filename) values (79, 37, 'congue risus semper porta volutpat quam pede lobortis ligula sit amet eleifend pede', 'vulputateLuctusCum.gif');
insert into photos (id, user_id, description, filename) values (80, 77, 'nunc proin at turpis a pede', 'interdumMauris.png');
insert into photos (id, user_id, description, filename) values (81, 88, 'pretium iaculis justo in hac habitasse platea dictumst etiam faucibus cursus urna', 'aPede.tiff');
insert into photos (id, user_id, description, filename) values (82, 2, 'nisl duis bibendum felis sed interdum venenatis turpis enim blandit mi in porttitor pede', 'duiVelNisl.tiff');
insert into photos (id, user_id, description, filename) values (83, 35, 'interdum eu tincidunt in leo maecenas pulvinar lobortis est phasellus', 'massaIdNisl.jpeg');
insert into photos (id, user_id, description, filename) values (84, 92, 'elit sodales scelerisque mauris sit amet eros suspendisse accumsan tortor', 'ametSapien.tiff');
insert into photos (id, user_id, description, filename) values (85, 45, 'praesent lectus vestibulum quam sapien', 'pretiumNisl.jpeg');
insert into photos (id, user_id, description, filename) values (86, 59, 'rutrum nulla', 'rutrum.jpeg');
insert into photos (id, user_id, description, filename) values (87, 69, 'orci pede venenatis non sodales sed tincidunt eu felis fusce posuere felis sed', 'laciniaEratVestibulum.jpeg');
insert into photos (id, user_id, description, filename) values (88, 26, 'bibendum morbi non quam nec dui luctus rutrum nulla', 'velAugue.tiff');
insert into photos (id, user_id, description, filename) values (89, 1, 'eros', 'lobortisLigula.tiff');
insert into photos (id, user_id, description, filename) values (90, 58, 'felis ut', 'gravidaNisi.jpeg');
insert into photos (id, user_id, description, filename) values (91, 47, 'nulla elit ac nulla sed vel enim sit amet nunc', 'egetRutrumAt.jpeg');
insert into photos (id, user_id, description, filename) values (92, 56, 'mattis odio donec vitae nisi nam ultrices', 'leo.tiff');
insert into photos (id, user_id, description, filename) values (93, 77, 'vestibulum proin eu mi nulla ac enim in', 'id.png');
insert into photos (id, user_id, description, filename) values (94, 84, 'aenean', 'aLibero.png');
insert into photos (id, user_id, description, filename) values (95, 25, 'eu massa donec dapibus', 'nonQuamNec.jpeg');
insert into photos (id, user_id, description, filename) values (96, 75, 'in', 'erat.tiff');
insert into photos (id, user_id, description, filename) values (97, 19, 'congue elementum in hac habitasse platea dictumst morbi vestibulum velit id pretium', 'maurisUllamcorper.gif');
insert into photos (id, user_id, description, filename) values (98, 97, 'magna at nunc commodo placerat', 'pedeLobortis.jpeg');
insert into photos (id, user_id, description, filename) values (99, 32, 'in consequat ut nulla sed accumsan felis ut at dolor quis odio', 'porttitor.tiff');
insert into photos (id, user_id, description, filename) values (100, 56, 'proin interdum mauris non ligula pellentesque ultrices phasellus', 'sapien.png');

insert into likes_to_photo (id, user_id, photo_id, is_like, created_at) values (1, 94, 91, 1, '2020-09-22 07:04:20');
insert into likes_to_photo (id, user_id, photo_id, is_like, created_at) values (2, 89, 30, 0, '2020-08-14 08:19:13');
insert into likes_to_photo (id, user_id, photo_id, is_like, created_at) values (3, 87, 16, 0, '2020-09-07 00:45:17');
insert into likes_to_photo (id, user_id, photo_id, is_like, created_at) values (4, 24, 41, 0, '2020-07-01 18:37:14');
insert into likes_to_photo (id, user_id, photo_id, is_like, created_at) values (5, 99, 81, 0, '2020-06-05 08:06:10');
insert into likes_to_photo (id, user_id, photo_id, is_like, created_at) values (6, 76, 27, 0, '2020-09-05 11:19:26');
insert into likes_to_photo (id, user_id, photo_id, is_like, created_at) values (7, 62, 43, 0, '2020-05-18 09:42:11');
insert into likes_to_photo (id, user_id, photo_id, is_like, created_at) values (8, 33, 97, 0, '2020-04-25 19:20:48');
insert into likes_to_photo (id, user_id, photo_id, is_like, created_at) values (9, 98, 51, 1, '2020-08-11 23:55:16');
insert into likes_to_photo (id, user_id, photo_id, is_like, created_at) values (10, 71, 20, 0, '2020-07-30 21:43:48');
insert into likes_to_photo (id, user_id, photo_id, is_like, created_at) values (11, 84, 74, 1, '2020-05-29 18:15:58');
insert into likes_to_photo (id, user_id, photo_id, is_like, created_at) values (12, 84, 72, 1, '2020-08-16 13:29:30');
insert into likes_to_photo (id, user_id, photo_id, is_like, created_at) values (13, 26, 79, 0, '2020-04-27 22:54:03');
insert into likes_to_photo (id, user_id, photo_id, is_like, created_at) values (14, 46, 48, 0, '2020-04-27 05:09:11');
insert into likes_to_photo (id, user_id, photo_id, is_like, created_at) values (15, 76, 23, 1, '2020-08-01 12:29:48');
insert into likes_to_photo (id, user_id, photo_id, is_like, created_at) values (16, 9, 3, 1, '2020-05-01 15:02:32');
insert into likes_to_photo (id, user_id, photo_id, is_like, created_at) values (17, 80, 33, 1, '2020-04-15 18:34:24');
insert into likes_to_photo (id, user_id, photo_id, is_like, created_at) values (18, 66, 81, 0, '2020-09-04 22:57:08');
insert into likes_to_photo (id, user_id, photo_id, is_like, created_at) values (19, 39, 11, 1, '2020-04-20 11:49:20');
insert into likes_to_photo (id, user_id, photo_id, is_like, created_at) values (20, 73, 100, 1, '2020-06-23 07:08:14');
insert into likes_to_photo (id, user_id, photo_id, is_like, created_at) values (21, 33, 48, 0, '2020-01-03 13:12:56');
insert into likes_to_photo (id, user_id, photo_id, is_like, created_at) values (22, 8, 43, 0, '2020-09-13 11:59:36');
insert into likes_to_photo (id, user_id, photo_id, is_like, created_at) values (23, 22, 13, 1, '2020-02-06 20:16:18');
insert into likes_to_photo (id, user_id, photo_id, is_like, created_at) values (24, 36, 52, 1, '2020-03-30 13:50:31');
insert into likes_to_photo (id, user_id, photo_id, is_like, created_at) values (25, 94, 41, 1, '2020-06-04 21:11:03');
insert into likes_to_photo (id, user_id, photo_id, is_like, created_at) values (26, 40, 6, 1, '2020-01-28 18:21:12');
insert into likes_to_photo (id, user_id, photo_id, is_like, created_at) values (27, 39, 89, 1, '2020-07-04 18:13:57');
insert into likes_to_photo (id, user_id, photo_id, is_like, created_at) values (28, 87, 79, 0, '2020-01-18 00:36:22');
insert into likes_to_photo (id, user_id, photo_id, is_like, created_at) values (29, 53, 75, 0, '2020-05-29 10:22:40');
insert into likes_to_photo (id, user_id, photo_id, is_like, created_at) values (30, 98, 82, 0, '2020-04-17 15:15:12');
insert into likes_to_photo (id, user_id, photo_id, is_like, created_at) values (31, 86, 50, 0, '2020-05-22 00:22:18');
insert into likes_to_photo (id, user_id, photo_id, is_like, created_at) values (32, 39, 11, 0, '2020-05-10 18:28:15');
insert into likes_to_photo (id, user_id, photo_id, is_like, created_at) values (33, 69, 14, 0, '2020-04-28 05:05:55');
insert into likes_to_photo (id, user_id, photo_id, is_like, created_at) values (34, 54, 80, 0, '2020-08-10 06:58:05');
insert into likes_to_photo (id, user_id, photo_id, is_like, created_at) values (35, 81, 85, 1, '2020-01-23 23:39:02');
insert into likes_to_photo (id, user_id, photo_id, is_like, created_at) values (36, 30, 48, 0, '2020-05-30 02:41:06');
insert into likes_to_photo (id, user_id, photo_id, is_like, created_at) values (37, 67, 84, 1, '2020-09-20 21:59:24');
insert into likes_to_photo (id, user_id, photo_id, is_like, created_at) values (38, 48, 94, 1, '2020-04-26 05:22:36');
insert into likes_to_photo (id, user_id, photo_id, is_like, created_at) values (39, 32, 15, 1, '2020-04-03 11:03:15');
insert into likes_to_photo (id, user_id, photo_id, is_like, created_at) values (40, 44, 5, 1, '2020-04-26 10:03:39');
insert into likes_to_photo (id, user_id, photo_id, is_like, created_at) values (41, 45, 94, 0, '2020-05-15 08:38:44');
insert into likes_to_photo (id, user_id, photo_id, is_like, created_at) values (42, 60, 71, 0, '2020-08-01 16:07:18');
insert into likes_to_photo (id, user_id, photo_id, is_like, created_at) values (43, 58, 62, 1, '2020-04-28 05:38:39');
insert into likes_to_photo (id, user_id, photo_id, is_like, created_at) values (44, 23, 68, 0, '2020-09-23 10:26:53');
insert into likes_to_photo (id, user_id, photo_id, is_like, created_at) values (45, 92, 8, 0, '2020-03-08 05:30:09');
insert into likes_to_photo (id, user_id, photo_id, is_like, created_at) values (46, 70, 83, 1, '2020-01-19 06:11:01');
insert into likes_to_photo (id, user_id, photo_id, is_like, created_at) values (47, 62, 38, 1, '2020-04-05 10:53:01');
insert into likes_to_photo (id, user_id, photo_id, is_like, created_at) values (48, 96, 44, 0, '2020-01-23 08:28:56');
insert into likes_to_photo (id, user_id, photo_id, is_like, created_at) values (49, 68, 35, 1, '2020-04-28 03:12:29');
insert into likes_to_photo (id, user_id, photo_id, is_like, created_at) values (50, 98, 29, 1, '2020-07-26 10:57:27');

insert into likes_to_post (id, user_id, post_id, is_like, created_at) values (1, 44, 46, 1, '2020-03-30 18:52:20');
insert into likes_to_post (id, user_id, post_id, is_like, created_at) values (2, 6, 9, 1, '2020-08-19 04:24:19');
insert into likes_to_post (id, user_id, post_id, is_like, created_at) values (3, 2, 23, 1, '2020-05-29 07:32:31');
insert into likes_to_post (id, user_id, post_id, is_like, created_at) values (4, 33, 48, 1, '2020-03-04 00:24:25');
insert into likes_to_post (id, user_id, post_id, is_like, created_at) values (5, 63, 4, 1, '2020-06-19 03:26:07');
insert into likes_to_post (id, user_id, post_id, is_like, created_at) values (6, 85, 36, 0, '2020-03-03 12:11:39');
insert into likes_to_post (id, user_id, post_id, is_like, created_at) values (7, 26, 25, 1, '2020-03-30 05:11:30');
insert into likes_to_post (id, user_id, post_id, is_like, created_at) values (8, 66, 40, 0, '2020-01-05 07:35:29');
insert into likes_to_post (id, user_id, post_id, is_like, created_at) values (9, 10, 11, 1, '2020-04-07 13:35:24');
insert into likes_to_post (id, user_id, post_id, is_like, created_at) values (10, 58, 15, 1, '2020-05-30 20:00:32');
insert into likes_to_post (id, user_id, post_id, is_like, created_at) values (11, 60, 4, 0, '2020-05-27 15:24:00');
insert into likes_to_post (id, user_id, post_id, is_like, created_at) values (12, 5, 12, 0, '2020-02-24 17:22:36');
insert into likes_to_post (id, user_id, post_id, is_like, created_at) values (13, 36, 20, 0, '2020-04-12 06:49:37');
insert into likes_to_post (id, user_id, post_id, is_like, created_at) values (14, 47, 48, 0, '2020-05-10 10:52:26');
insert into likes_to_post (id, user_id, post_id, is_like, created_at) values (15, 56, 42, 1, '2020-08-06 03:44:39');
insert into likes_to_post (id, user_id, post_id, is_like, created_at) values (16, 76, 30, 0, '2020-09-23 11:01:46');
insert into likes_to_post (id, user_id, post_id, is_like, created_at) values (17, 93, 8, 1, '2020-07-19 11:04:49');
insert into likes_to_post (id, user_id, post_id, is_like, created_at) values (18, 99, 37, 0, '2020-07-26 15:02:45');
insert into likes_to_post (id, user_id, post_id, is_like, created_at) values (19, 38, 15, 1, '2020-04-16 03:48:54');
insert into likes_to_post (id, user_id, post_id, is_like, created_at) values (20, 69, 16, 1, '2020-01-28 11:31:15');
insert into likes_to_post (id, user_id, post_id, is_like, created_at) values (21, 35, 1, 1, '2020-05-07 18:28:14');
insert into likes_to_post (id, user_id, post_id, is_like, created_at) values (22, 85, 48, 0, '2020-07-13 18:17:15');
insert into likes_to_post (id, user_id, post_id, is_like, created_at) values (23, 93, 21, 0, '2020-04-04 14:03:59');
insert into likes_to_post (id, user_id, post_id, is_like, created_at) values (24, 47, 34, 0, '2020-03-25 21:48:11');
insert into likes_to_post (id, user_id, post_id, is_like, created_at) values (25, 65, 42, 0, '2020-03-13 02:58:57');
insert into likes_to_post (id, user_id, post_id, is_like, created_at) values (26, 23, 28, 0, '2020-07-21 02:18:23');
insert into likes_to_post (id, user_id, post_id, is_like, created_at) values (27, 66, 25, 0, '2020-06-04 11:07:12');
insert into likes_to_post (id, user_id, post_id, is_like, created_at) values (28, 72, 45, 1, '2020-02-09 06:15:08');
insert into likes_to_post (id, user_id, post_id, is_like, created_at) values (29, 75, 8, 1, '2020-02-07 03:09:28');
insert into likes_to_post (id, user_id, post_id, is_like, created_at) values (30, 95, 50, 0, '2020-07-01 12:19:02');
insert into likes_to_post (id, user_id, post_id, is_like, created_at) values (31, 65, 11, 0, '2020-08-29 04:39:58');
insert into likes_to_post (id, user_id, post_id, is_like, created_at) values (32, 62, 49, 0, '2020-03-25 11:00:32');
insert into likes_to_post (id, user_id, post_id, is_like, created_at) values (33, 9, 3, 0, '2020-06-07 23:56:58');
insert into likes_to_post (id, user_id, post_id, is_like, created_at) values (34, 13, 18, 1, '2020-05-21 03:06:15');
insert into likes_to_post (id, user_id, post_id, is_like, created_at) values (35, 22, 4, 1, '2020-02-01 03:27:39');
insert into likes_to_post (id, user_id, post_id, is_like, created_at) values (36, 93, 2, 0, '2020-05-01 05:19:01');
insert into likes_to_post (id, user_id, post_id, is_like, created_at) values (37, 68, 48, 0, '2020-08-15 17:59:35');
insert into likes_to_post (id, user_id, post_id, is_like, created_at) values (38, 51, 39, 0, '2020-09-20 04:13:52');
insert into likes_to_post (id, user_id, post_id, is_like, created_at) values (39, 60, 41, 1, '2020-07-03 05:33:44');
insert into likes_to_post (id, user_id, post_id, is_like, created_at) values (40, 96, 19, 0, '2020-07-17 02:32:51');
insert into likes_to_post (id, user_id, post_id, is_like, created_at) values (41, 46, 42, 0, '2020-07-11 04:02:26');
insert into likes_to_post (id, user_id, post_id, is_like, created_at) values (42, 41, 27, 1, '2020-01-29 04:21:40');
insert into likes_to_post (id, user_id, post_id, is_like, created_at) values (43, 26, 3, 0, '2020-02-15 10:30:54');
insert into likes_to_post (id, user_id, post_id, is_like, created_at) values (44, 48, 50, 0, '2020-07-12 06:53:23');
insert into likes_to_post (id, user_id, post_id, is_like, created_at) values (45, 86, 30, 0, '2020-07-09 12:31:12');
insert into likes_to_post (id, user_id, post_id, is_like, created_at) values (46, 97, 8, 1, '2020-06-01 02:42:27');
insert into likes_to_post (id, user_id, post_id, is_like, created_at) values (47, 61, 50, 0, '2020-07-08 09:20:17');
insert into likes_to_post (id, user_id, post_id, is_like, created_at) values (48, 42, 37, 1, '2020-09-20 22:21:15');
insert into likes_to_post (id, user_id, post_id, is_like, created_at) values (49, 93, 31, 0, '2020-05-14 01:55:48');
insert into likes_to_post (id, user_id, post_id, is_like, created_at) values (50, 67, 10, 0, '2020-07-30 17:51:20');

insert into likes_to_comment (id, user_id, comment_id, is_like, created_at) values (1, 38, 22, 1, '2020-09-07 06:42:21');
insert into likes_to_comment (id, user_id, comment_id, is_like, created_at) values (2, 75, 58, 0, '2020-07-23 16:21:35');
insert into likes_to_comment (id, user_id, comment_id, is_like, created_at) values (3, 91, 76, 1, '2020-09-02 21:34:01');
insert into likes_to_comment (id, user_id, comment_id, is_like, created_at) values (4, 62, 57, 1, '2020-04-20 20:54:14');
insert into likes_to_comment (id, user_id, comment_id, is_like, created_at) values (5, 32, 31, 1, '2020-09-01 07:54:13');
insert into likes_to_comment (id, user_id, comment_id, is_like, created_at) values (6, 81, 30, 1, '2020-04-23 00:59:46');
insert into likes_to_comment (id, user_id, comment_id, is_like, created_at) values (7, 93, 62, 0, '2020-02-10 07:45:31');
insert into likes_to_comment (id, user_id, comment_id, is_like, created_at) values (8, 97, 99, 0, '2020-04-20 00:11:49');
insert into likes_to_comment (id, user_id, comment_id, is_like, created_at) values (9, 6, 40, 1, '2020-08-09 19:30:44');
insert into likes_to_comment (id, user_id, comment_id, is_like, created_at) values (10, 92, 44, 0, '2020-08-13 13:14:06');
insert into likes_to_comment (id, user_id, comment_id, is_like, created_at) values (11, 14, 100, 1, '2020-06-08 22:40:05');
insert into likes_to_comment (id, user_id, comment_id, is_like, created_at) values (12, 1, 42, 0, '2020-08-23 01:46:35');
insert into likes_to_comment (id, user_id, comment_id, is_like, created_at) values (13, 37, 75, 1, '2020-04-16 13:38:01');
insert into likes_to_comment (id, user_id, comment_id, is_like, created_at) values (14, 18, 95, 0, '2020-05-17 12:19:24');
insert into likes_to_comment (id, user_id, comment_id, is_like, created_at) values (15, 10, 20, 1, '2020-05-04 12:12:18');
insert into likes_to_comment (id, user_id, comment_id, is_like, created_at) values (16, 8, 86, 0, '2020-07-07 13:11:33');
insert into likes_to_comment (id, user_id, comment_id, is_like, created_at) values (17, 27, 74, 1, '2020-09-04 05:56:29');
insert into likes_to_comment (id, user_id, comment_id, is_like, created_at) values (18, 6, 28, 1, '2020-06-06 10:09:51');
insert into likes_to_comment (id, user_id, comment_id, is_like, created_at) values (19, 84, 15, 0, '2020-04-21 07:21:50');
insert into likes_to_comment (id, user_id, comment_id, is_like, created_at) values (20, 68, 12, 0, '2020-08-09 22:35:55');
insert into likes_to_comment (id, user_id, comment_id, is_like, created_at) values (21, 20, 68, 0, '2020-01-17 05:03:37');
insert into likes_to_comment (id, user_id, comment_id, is_like, created_at) values (22, 3, 85, 0, '2020-01-12 19:17:12');
insert into likes_to_comment (id, user_id, comment_id, is_like, created_at) values (23, 19, 49, 1, '2020-04-03 14:26:15');
insert into likes_to_comment (id, user_id, comment_id, is_like, created_at) values (24, 48, 54, 0, '2020-01-14 09:32:06');
insert into likes_to_comment (id, user_id, comment_id, is_like, created_at) values (25, 28, 63, 0, '2020-02-02 20:42:01');
insert into likes_to_comment (id, user_id, comment_id, is_like, created_at) values (26, 1, 16, 0, '2020-02-24 05:21:46');
insert into likes_to_comment (id, user_id, comment_id, is_like, created_at) values (27, 81, 82, 1, '2020-04-12 15:45:46');
insert into likes_to_comment (id, user_id, comment_id, is_like, created_at) values (28, 61, 90, 0, '2020-02-28 07:28:26');
insert into likes_to_comment (id, user_id, comment_id, is_like, created_at) values (29, 7, 31, 0, '2020-06-30 03:51:35');
insert into likes_to_comment (id, user_id, comment_id, is_like, created_at) values (30, 66, 61, 1, '2020-08-13 18:32:56');
insert into likes_to_comment (id, user_id, comment_id, is_like, created_at) values (31, 38, 46, 1, '2020-08-01 09:01:43');
insert into likes_to_comment (id, user_id, comment_id, is_like, created_at) values (32, 96, 5, 1, '2020-02-21 08:41:06');
insert into likes_to_comment (id, user_id, comment_id, is_like, created_at) values (33, 16, 18, 0, '2020-06-07 08:19:36');
insert into likes_to_comment (id, user_id, comment_id, is_like, created_at) values (34, 20, 40, 0, '2020-03-12 19:34:04');
insert into likes_to_comment (id, user_id, comment_id, is_like, created_at) values (35, 45, 24, 1, '2020-09-01 23:43:58');
insert into likes_to_comment (id, user_id, comment_id, is_like, created_at) values (36, 56, 16, 1, '2020-05-16 19:44:31');
insert into likes_to_comment (id, user_id, comment_id, is_like, created_at) values (37, 30, 11, 0, '2020-06-19 23:34:48');
insert into likes_to_comment (id, user_id, comment_id, is_like, created_at) values (38, 1, 72, 1, '2020-07-21 21:15:20');
insert into likes_to_comment (id, user_id, comment_id, is_like, created_at) values (39, 14, 53, 1, '2020-08-26 18:02:54');
insert into likes_to_comment (id, user_id, comment_id, is_like, created_at) values (40, 64, 34, 1, '2020-02-21 09:43:54');
insert into likes_to_comment (id, user_id, comment_id, is_like, created_at) values (41, 91, 11, 0, '2020-02-22 22:02:01');
insert into likes_to_comment (id, user_id, comment_id, is_like, created_at) values (42, 35, 39, 1, '2020-07-11 23:24:42');
insert into likes_to_comment (id, user_id, comment_id, is_like, created_at) values (43, 80, 69, 0, '2020-09-11 16:10:25');
insert into likes_to_comment (id, user_id, comment_id, is_like, created_at) values (44, 63, 38, 0, '2020-02-24 14:25:20');
insert into likes_to_comment (id, user_id, comment_id, is_like, created_at) values (45, 64, 99, 0, '2020-01-26 05:51:03');
insert into likes_to_comment (id, user_id, comment_id, is_like, created_at) values (46, 19, 48, 1, '2020-03-22 13:50:32');
insert into likes_to_comment (id, user_id, comment_id, is_like, created_at) values (47, 31, 99, 0, '2020-06-25 11:43:47');
insert into likes_to_comment (id, user_id, comment_id, is_like, created_at) values (48, 11, 18, 1, '2020-07-01 02:41:12');
insert into likes_to_comment (id, user_id, comment_id, is_like, created_at) values (49, 40, 61, 1, '2020-09-05 16:08:31');
insert into likes_to_comment (id, user_id, comment_id, is_like, created_at) values (50, 88, 5, 0, '2020-02-20 22:37:18');


